Population,Individual,Song,NMDS1,NMDS2,X
Copeland_M,C01_M_A,"C01_20260526_020002_1_M,1",-0.654608201644321,-0.361600162992961,NA
Copeland_M,C01_M_A,"C01_20260526_020002_1_M,2",-0.580123818687408,-0.814572534365525,NA
Copeland_M,C01_M_A,"C01_20260526_020002_1_M,3",-0.894503950450586,-0.650326162606697,NA
Copeland_M,C01_M_A,"C01_20260526_020002_1_M,4",-0.935708419277583,-0.62663904198912,NA
Copeland_M,C01_M_A,"C01_20260526_020002_1_M,5",-1.19226696587561,0.0727208713498004,NA
Copeland_M,C01_M_A,"C01_20260526_020002_2_M,1",-1.0431286029785,-0.108333280514308,NA
Copeland_M,C01_M_A,"C01_20260526_020002_2_M,2",-1.11253292838414,-0.109474836787713,NA
Copeland_M,C01_M_A,"C01_20260526_020002_2_M,3",-1.24190245654611,-0.53430150420246,NA
Copeland_M,C01_M_A,"C01_20260526_020002_2_M,4",-1.98343479444708,0.927411367595681,NA
Copeland_M,C01_M_A,"C01_20260527_020002_3_M,1",-0.665103610927364,-0.617903349197755,NA
Copeland_M,C01_M_A,"C01_20260527_020002_3_M,2",-0.452111696578994,-0.298906289967095,NA
Copeland_M,C01_M_A,"C01_20260527_020002_3_M,3",-0.447192143843508,-0.0281331664803423,NA
Copeland_M,C01_M_A,"C01_20260527_020002_3_M,4",-0.488498290226411,-0.128047345276428,NA
Copeland_M,C01_M_A,"C01_20260527_020002_3_M,5",0.480744948596805,-1.47170368126788,NA
Copeland_M,C01_M_A,"C01_20260527_020002_4_M,1",-0.749394184691567,-0.282019371195452,NA
Copeland_M,C01_M_A,"C01_20260527_020002_4_M,2",-0.932946579732866,-0.26200845968783,NA
Copeland_M,C01_M_A,"C01_20260527_020002_4_M,3",-0.823059097390055,-0.111522104316906,NA
Copeland_M,C01_M_A,"C01_20260527_020002_4_M,4",-0.426071089361527,-0.653452141171084,NA
Copeland_M,C01_M_A,"C01_20260527_020002_1_M,1",-0.894682704030377,-0.307289158045456,NA
Copeland_M,C01_M_A,"C01_20260527_020002_1_M,2",-0.587558732889746,-0.740959914658587,NA
Copeland_M,C01_M_A,"C01_20260527_020002_1_M,3",-0.637167863091307,-0.36274052720456,NA
Copeland_M,C01_M_A,"C01_20260527_020002_1_M,4",-0.672809188277425,-0.740156536057229,NA
Copeland_M,C02_M_A,"C02_20260526_000000_10_M,1",0.0785094916157434,-0.356315838689483,NA
Copeland_M,C02_M_A,"C02_20260526_000000_10_M,2",1.22687564892882,0.382006115343726,NA
Copeland_M,C02_M_A,"C02_20260526_000000_10_M,3",1.36539230566168,0.192371621985206,NA
Copeland_M,C02_M_A,"C02_20260526_000000_10_M,4",1.50940658341478,-0.517295669837667,NA
Copeland_M,C02_M_A,"C02_20260526_000000_3_M,1",0.785211698543193,-0.320382431224336,NA
Copeland_M,C02_M_A,"C02_20260526_000000_8_M,1",-0.385632175809403,-1.15083227945717,NA
Copeland_M,C02_M_A,"C02_20260526_000000_8_M,2",-0.309070985607533,-1.34027563848505,NA
Copeland_M,C02_M_A,"C02_20260526_000000_8_M,3",-0.134529630178104,-1.60407459503381,NA
Copeland_M,C02_M_A,"C02_20260526_000000_2_M,1",0.858851030860956,-0.320439155015301,NA
Copeland_M,C02_M_A,"C02_20260526_000000_2_M,2",1.10913135497336,-0.145398537915708,NA
Copeland_M,C02_M_A,"C02_20260526_000000_2_M,3",0.910929003821245,-0.622778281070312,NA
Copeland_M,C02_M_A,"C02_20260526_000000_1_M,1",1.47800660201671,0.5150650723007,NA
Copeland_M,C02_M_A,"C02_20260526_000000_1_M,2",0.823488611922222,-0.0421615119913372,NA
Copeland_M,C02_M_A,"C02_20260526_000000_11_M,1",0.953312563027114,0.20663132041838,NA
Copeland_M,C02_M_A,"C02_20260526_000000_11_M,2",1.80885527275636,0.419501288548562,NA
Copeland_M,C02_M_A,"C02_20260526_000000_11_M,3",0.895063166688043,-0.217267678110245,NA
Copeland_M,C02_M_A,"C02_20260526_000000_4_M,1",0.930936649995468,-0.393577612417492,NA
Copeland_M,C02_M_A,"C02_20260526_000000_4_M,2",0.34685484235266,-0.763892564298079,NA
Copeland_M,C02_M_A,"C02_20260526_000000_3_M2,1",1.06266204602528,-0.359030693309356,NA
Copeland_M,C02_M_A,"C02_20260529_000000_8_M,1",-0.175841293075605,-1.14188864191915,NA
Copeland_M,C02_M_A,"C02_20260529_000000_8_M,2",-0.106101348128137,-1.18049992439054,NA
Copeland_M,C02_M_A,"C02_20260529_000000_8_M,3",0.121694103341237,-1.44139514167054,NA
Copeland_M,C02_M_B,"C02_20260528_010000_10_M,1",0.59761426657285,-0.0942210080424609,NA
Copeland_M,C02_M_B,"C02_20260528_010000_10_M,2",1.41121355056131,-0.0662844862596486,NA
Copeland_M,C02_M_B,"C02_20260528_010000_10_M,3",1.80932569539142,0.226251988383657,NA
Copeland_M,C02_M_B,"C02_20260528_010000_10_M,4",1.17395738670733,0.00451533121231173,NA
Copeland_M,C02_M_B,"C02_20260528_010000_10_M,5",1.06046119307675,-0.686433042253826,NA
Copeland_M,C02_M_B,"C02_20260528_010000_5_M,1",-0.906587385595114,-0.95664738536452,NA
Copeland_M,C02_M_B,"C02_20260528_010000_5_M,2",-0.585177021147335,-0.733144288658983,NA
Copeland_M,C02_M_B,"C02_20260528_010000_5_M,3",-0.832122535748706,-0.490737741537762,NA
Copeland_M,C02_M_B,"C02_20260528_010000_5_M,4",0.00173769730159924,-1.00487366291317,NA
Copeland_M,C02_M_B,"C02_20260528_010000_7_M,1",-0.408369892163914,-1.03956618659872,NA
Copeland_M,C02_M_B,"C02_20260528_010000_7_M,2",-0.303581208556805,-0.964039306934303,NA
Copeland_M,C02_M_B,"C02_20260528_010000_7_M,3",0.0216087851053215,-1.1966496362268,NA
Copeland_M,C02_M_B,"C02_20260528_010000_11_M,1",0.734292894373128,1.01035912740234,NA
Copeland_M,C02_M_B,"C02_20260528_010000_11_M,2",2.04416484717417,1.04514354717363,NA
Copeland_M,C02_M_B,"C02_20260528_010000_11_M,3",1.32699408249454,-0.337342175107121,NA
Copeland_M,C02_M_B,"C02_20260528_010000_9_M,1",-0.504261013726245,-0.617669551181779,NA
Copeland_M,C02_M_B,"C02_20260528_010000_9_M,2",-0.369216076738689,-0.587105911286687,NA
Copeland_M,C02_M_B,"C02_20260528_010000_9_M,3",0.643878152639468,-1.37400987531178,NA
Copeland_F,C05_F_A,"C05_20260526_010000_1_F,1",-1.55610256424103,0.267349434915516,NA
Copeland_F,C05_F_A,"C05_20260526_010000_1_F,2",0.0925167302895508,1.22665021010903,NA
Copeland_F,C05_F_A,"C05_20260526_010000_1_F,3",0.141332380131747,1.241174022162,NA
Copeland_F,C05_F_A,"C05_20260526_010000_1_F,4",-0.340992266809711,0.323745047934736,NA
Copeland_F,C05_F_A,"C05_20260526_010000_4_F,1",-1.98244693769397,-0.144654586582611,NA
Copeland_F,C05_F_A,"C05_20260526_010000_4_F,2",-1.57458741305247,-0.181904356168936,NA
Copeland_F,C05_F_A,"C05_20260526_010000_4_F,3",-1.50095610899606,-0.348386130774601,NA
Copeland_F,C05_F_A,"C05_20260526_010000_4_F,4",-2.11993499935473,-0.832387698815535,NA
Copeland_F,C05_F_A,"C05_20260526_010000_2_F,1",-2.04133637893538,-0.459839203687696,NA
Copeland_F,C05_F_A,"C05_20260526_010000_2_F,2",-1.70075778947272,-0.272991149628555,NA
Copeland_F,C05_F_A,"C05_20260526_010000_2_F,3",-1.77056598662334,-0.721624742256916,NA
Copeland_F,C05_F_A,"C05_20260528_230000_3_F,1",-1.76079719344801,-0.316129999594356,NA
Copeland_F,C05_F_A,"C05_20260528_230000_3_F,2",-1.57249980423589,-0.284338496926518,NA
Copeland_F,C05_F_A,"C05_20260528_230000_3_F,3",-1.57991816839944,-0.209058525378918,NA
Copeland_F,C05_F_A,"C05_20260528_230000_3_F,4",-1.06878081808475,-1.09166177790749,NA
Copeland_F,C05_F_A,"C05_20260526_010000_3_F,1",-1.70779694931478,-0.22797113452777,NA
Copeland_F,C05_F_A,"C05_20260526_010000_3_F,2",-1.6033247158735,0.0449655340237131,NA
Copeland_F,C05_F_A,"C05_20260526_010000_3_F,3",-1.5849329390016,-0.56987639514048,NA
Copeland_F,C05_F_A,"C05_20260602_000000_1_F,1",-1.74072881441145,-0.72197822641966,NA
Copeland_F,C05_F_A,"C05_20260604_010000_3_F,1",0.480348078787393,0.39327468919455,NA
Copeland_F,C05_F_A,"C05_20260604_010000_3_F,2",-0.210675916913566,-0.596739229375807,NA
Copeland_M,C05_M_A,"C05_20260604_010000_10_M,1",1.74940433419068,1.06739166679802,NA
Copeland_M,C05_M_A,"C05_20260604_010000_10_M,2",1.04201869692834,1.39856709619982,NA
Copeland_M,C05_M_A,"C05_20260604_010000_10_M,3",1.64184593694098,1.15209377012813,NA
Copeland_M,C05_M_A,"C05_20260604_010000_5_M,1",1.41414026029627,1.14535473587908,NA
Copeland_M,C05_M_A,"C05_20260604_010000_5_M,2",1.66352441668384,1.43114472813122,NA
Copeland_M,C05_M_A,"C05_20260604_010000_5_M,3",1.25007325239872,1.71726711747328,NA
Copeland_M,C05_M_A,"C05_20260604_010000_5_M,4",0.863843504967558,1.31221162658944,NA
Copeland_M,C05_M_A,"C05_20260602_010000_1_M_1,1",0.168130409327061,-0.588782753813535,NA
Copeland_M,C05_M_A,"C05_20260604_010000_6_M,1",1.35862535062835,2.0481105680645,NA
Copeland_M,C05_M_A,"C05_20260604_010000_6_M,2",0.811933421877456,2.02000266857798,NA
Copeland_M,C05_M_A,"C05_20260604_010000_6_M,3",0.62580613823082,1.41808675545697,NA
Copeland_M,C05_M_A,"C05_20260604_010000_12_M,1",1.64367104146104,1.40397664408135,NA
Copeland_M,C05_M_A,"C05_20260604_010000_12_M,2",1.45505014409609,1.35387630453128,NA
Copeland_M,C05_M_A,"C05_20260602_010000_8_M,1",-0.244800718972122,0.31479475202455,NA
Copeland_M,C05_M_A,"C05_20260602_010000_8_M,2",0.20629860071437,-0.0160620206462814,NA
Copeland_M,C05_M_A,"C05_20260604_010000_11_M,1",1.59667759004651,1.73112838306052,NA
Copeland_M,C05_M_A,"C05_20260604_010000_11_M,2",1.82456298453934,1.85752374900801,NA
Copeland_M,C05_M_A,"C05_20260604_010000_1_M,1",0.430442250809555,-0.456135016009096,NA
Copeland_M,C05_M_A,"C05_20260604_010000_1_M,2",1.25388166362633,0.0899545697003919,NA
Copeland_F,C06_F_A,"C06_20260527_000000_1_F,1",-1.35261137485014,0.128597920713056,NA
Copeland_F,C06_F_A,"C06_20260527_000000_1_F,2",-1.29855877388148,0.43220539729978,NA
Copeland_F,C06_F_A,"C06_20260527_000000_1_F,3",-1.69734267129714,0.649529076445484,NA
Copeland_F,C06_F_A,"C06_20260527_000000_1_F,4",-1.90887886771986,1.02362500495017,NA
Copeland_F,C06_F_A,"C06_20260527_000000_1_F,5",-2.03226227522065,1.21060666309436,NA
Copeland_F,C06_F_A,"C06_20260527_000000_1_F,6",-2.42123323947478,1.20602116065388,NA
Copeland_F,C06_F_A,"C06_20260527_000000_1_F,7",-4.60118215057204,2.81102679336834,NA
Copeland_F,C06_F_A,"C06_20260527_000000_1_F,8",-4.06294033082388,1.71253703621199,NA
Copeland_F,C06_F_A,"C06_20260527_000000_1_F,9",-3.82647519895486,2.01943340295414,NA
Copeland_F,C06_F_A,"C06_20260527_000000_1_F,10",-3.03982741483828,1.33942259086044,NA
Copeland_F,C06_F_A,"C06_20260527_000000_1_F,11",-3.43798917426712,2.11200926616585,NA
Copeland_F,C06_F_A,"C06_20260527_000000_1_F,12",-2.56677579255864,-0.255668873296335,NA
Copeland_F,C06_F_A,"C06_20260527_000000_2_F,1",-1.90602856142027,0.356553293919421,NA
Copeland_F,C06_F_A,"C06_20260527_000000_2_F,2",-1.97241194616184,0.634439601267685,NA
Copeland_F,C06_F_A,"C06_20260527_000000_2_F,3",-1.99421993229518,0.61288905641667,NA
Copeland_F,C06_F_A,"C06_20260527_000000_2_F,4",-2.52800011388917,1.01355668966691,NA
Copeland_F,C06_F_A,"C06_20260527_000000_2_F,5",-2.24817443093304,0.190896313388364,NA
Copeland_F,C06_F_A,"C06_20260529_000000_1_F,1",-1.88594085648905,0.76411950755287,NA
Copeland_F,C06_F_A,"C06_20260529_000000_1_F,2",-1.69582464595538,1.34178987102165,NA
Copeland_F,C06_F_A,"C06_20260529_000000_1_F,3",-1.70441235780558,1.47864771130018,NA
Copeland_F,C06_F_A,"C06_20260529_000000_1_F,4",-2.86451735636876,1.28440748210828,NA
Copeland_F,C06_F_A,"C06_20260529_000000_1_F,5",-2.5804797230651,-0.0806522093635551,NA
Copeland_M,C06_M_A,"C06_20260601_000000_10_M,1",1.68008414582228,-1.95655586577772,NA
Copeland_M,C06_M_A,"C06_20260601_000000_10_M,2",1.04342115900006,-1.18652167253729,NA
Copeland_M,C06_M_A,"C06_20260601_000000_10_M,3",0.0968593328245961,-0.966677623959249,NA
Copeland_M,C06_M_A,"C06_20260601_000000_10_M,4",1.10743181745906,-0.333893849119997,NA
Copeland_M,C06_M_A,"C06_20260601_000000_10_M,5",0.659745716057611,-0.937152400286573,NA
Copeland_M,C06_M_A,"C06_20260601_000000_11_M,1",0.316816293520182,-0.799489997122923,NA
Copeland_M,C06_M_A,"C06_20260601_000000_11_M,2",0.916623589670125,-0.112227213110336,NA
Copeland_M,C06_M_A,"C06_20260601_000000_11_M,3",0.603370420143733,-0.356072635627465,NA
Copeland_M,C06_M_A,"C06_20260601_000000_11_M,4",-0.0654726636709288,-0.754949476110511,NA
Copeland_M,C06_M_A,"C06_20260531_000000_1_M,1",0.892114156552815,0.503136158241927,NA
Copeland_M,C06_M_A,"C06_20260531_000000_1_M,2",0.31105625896434,-0.0266502477181148,NA
Copeland_M,C06_M_A,"C06_20260601_000000_1_M,1",-0.181994225435521,-1.48521415581581,NA
Copeland_M,C06_M_A,"C06_20260601_000000_1_M,2",-0.113213023298124,-1.55586754155774,NA
Copeland_M,C06_M_A,"C06_20260601_000000_1_M,3",-0.202298340459301,-1.51116109067884,NA
Copeland_M,C06_M_A,"C06_20260602_000000_2_M,1",0.456717586093143,-1.28326276851978,NA
Copeland_M,C06_M_A,"C06_20260602_000000_2_M,2",1.09048592253094,-0.960311344491267,NA
Copeland_M,C06_M_A,"C06_20260602_000000_3_M,1",0.444309851074078,-1.06904664959217,NA
Copeland_M,C06_M_A,"C06_20260602_000000_3_M,2",0.270160767233035,-1.12301037923533,NA
Copeland_M,C06_M_A,"C06_20260602_000000_1_M,1",0.932037939123997,-1.02266741892774,NA
Copeland_M,C06_M_A,"C06_20260602_000000_1_M,2",0.264591728485538,-0.800962608113724,NA
Copeland_M,C06_M_A,"C06_20260602_000000_5_M,1",0.442834226549266,-0.866905854109234,NA
Copeland_M,C06_M_A,"C06_20260603_010000_5_M,1",0.329924865619116,-0.745733932860756,NA
Copeland_M,C06_M_A,"C06_20260603_010000_5_M,2",0.587156714538956,-0.768224844520958,NA
Copeland_M,C06_M_A,"C06_20260602_000000_4_M,1",0.0572898467102142,-0.799337646518837,NA
Copeland_M,C07_M_A,"C07_20260529_000000_1_M,1",1.74435294299231,0.888089711429454,NA
Copeland_M,C07_M_A,"C07_20260529_000000_2_M,1",2.23486526442752,0.515801946510166,NA
Copeland_M,C07_M_A,"C07_20260529_000000_3_M,1",1.71937025181318,1.4513802670364,NA
Copeland_M,C07_M_A,"C07_20260601_000000_2_M,1",2.71672342921177,1.25372915418846,NA
Copeland_M,C07_M_A,"C07_20260601_000000_3_M,1",2.07446964405646,1.21038909208293,NA
Copeland_M,C07_M_A,"C07_20260601_000000_4_M,1",1.82711847028145,0.659921362193185,NA
Copeland_M,C07_M_A,"C07_20260601_000000_6_M,1",1.58898865109579,0.244065473491566,NA
Copeland_M,C07_M_A,"C07_20260601_000000_7_M,1",1.38138841785941,0.0215742511651622,NA
Copeland_M,C07_M_A,"C07_20260601_000000_8_M,1",1.53886314651598,-0.452748959189818,NA
Copeland_M,C07_M_A,"C07_20260602_000000_10_M,1",2.48625891991427,0.689071559945412,NA
Copeland_M,C07_M_A,"C07_20260602_000000_11_M,1",3.33465419306783,1.59216690681565,NA
Copeland_M,C07_M_A,"C07_20260602_000000_9_M,1",1.08914074249252,-0.304347897097629,NA
Copeland_M,C07_M_A,"C07_20260602_010000_12_M,1",4.06197342455055,0.99885250775283,NA
Copeland_M,C07_M_A,"C07_20260602_010000_13_M,1",2.78397827063705,0.067324204397857,NA
Copeland_M,C07_M_A,"C07_20260602_010000_14_M,1",2.45968476582574,0.875718879185561,NA
Copeland_M,C07_M_A,"C07_20260602_010000_15_M,1",1.85622265931547,0.795999835246985,NA
Copeland_M,C07_M_A,"C07_20260602_010000_16_M,1",1.95207488177701,0.501379465324634,NA
Copeland_M,C07_M_A,"C07_20260601_000000_5_M,1",2.76051464177749,-0.217240427396742,NA
Lundy_F,L21_F_A,"L21_20260407_221500_4_F3,1",-0.0419699662047885,-0.622193356114626,NA
Lundy_F,L21_F_A,"L21_20260407_221500_4_F3,2",0.877363751719684,-0.34524812127452,NA
Lundy_F,L21_F_A,"L21_20260407_221500_4_F3,3",0.149290750825189,-2.20387304459256,NA
Lundy_F,L21_F_A,"L21_20260407_221500_5_F,1",-0.945441652394419,0.122029030922926,NA
Lundy_F,L21_F_A,"L21_20260407_221500_5_F,2",-0.263551296697072,-0.758620187115257,NA
Lundy_F,L21_F_A,"L21_20260405_210000_13_F,1",-1.62682084577268,-0.897418898487345,NA
Lundy_F,L21_F_A,"L21_20260405_210000_13_F,2",-1.32661318245018,-0.703869509300221,NA
Lundy_F,L21_F_A,"L21_20260405_210000_13_F,3",-0.358797678377611,-1.03855136885524,NA
Lundy_F,L21_F_A,"L21_20260405_210000_27_F,1",-1.33124779592502,-0.706848377084447,NA
Lundy_F,L21_F_A,"L21_20260405_210000_27_F,2",-0.318052255851171,-2.00413093161139,NA
Lundy_F,L21_F_A,"L21_20260405_210000_19_F,1",-1.88637144501998,-0.0578423079053079,NA
Lundy_F,L21_F_A,"L21_20260405_210000_19_F,2",-0.377365657665031,-1.15432837581337,NA
Lundy_F,L21_F_A,"L21_20260405_210000_19_F,3",-0.173705858708054,-1.93355130254337,NA
Lundy_F,L21_F_A,"L21_20260405_210000_23_F,1",-1.39658517225717,-0.816346626203407,NA
Lundy_F,L21_F_A,"L21_20260405_210000_23_F,2",-0.917161739713457,-1.75203384438526,NA
Lundy_F,L21_F_A,"L21_20260405_210000_16_F,1",-1.13137727249679,-0.825919950215612,NA
Lundy_F,L21_F_A,"L21_20260405_210000_16_F,2",-0.665517867958768,-1.65443308005998,NA
Lundy_F,L21_F_A,"L21_20260405_210000_17_F,1",-0.193233239063459,-1.70919564351805,NA
Lundy_F,L21_F_A,"L21_20260405_210000_24_F,1",-0.885415994449422,-0.877509120669678,NA
Lundy_F,L21_F_A,"L21_20260405_210000_24_F,2",-0.913268740217773,-1.6882148259733,NA
Lundy_M,L21_M_A,"L21_20260405_210000_8_M,1",0.386530566794748,1.74002863457485,NA
Lundy_M,L21_M_A,"L21_20260405_210000_8_M,2",0.502219734811761,0.783801398255386,NA
Lundy_M,L21_M_A,"L21_20260405_210000_8_M,3",0.681186327188521,0.390346975799791,NA
Lundy_M,L21_M_A,"L21_20260405_210000_10_M,1",0.539128345042707,1.46224217026235,NA
Lundy_M,L21_M_A,"L21_20260405_210000_10_M,2",0.77318796721659,1.39925067119016,NA
Lundy_M,L21_M_A,"L21_20260405_210000_10_M,3",0.569425570058918,1.49824931966563,NA
Lundy_M,L21_M_A,"L21_20260405_210000_5_M,1",1.46143780615204,1.23673172809698,NA
Lundy_M,L21_M_A,"L21_20260405_210000_5_M,2",0.821656235448088,0.600799500916971,NA
Lundy_M,L21_M_A,"L21_20260405_210000_11_M,1",0.215112731590978,1.36858008264715,NA
Lundy_M,L21_M_A,"L21_20260405_210000_11_M,2",0.558255107790331,1.40803215894555,NA
Lundy_M,L21_M_A,"L21_20260405_210000_11_M,3",0.350465446966322,0.804554300356064,NA
Lundy_M,L21_M_A,"L21_20260405_210000_6_M,1",0.802565318473814,1.07253704980751,NA
Lundy_M,L21_M_A,"L21_20260405_210000_6_M,2",0.94691639949673,0.61231690623609,NA
Lundy_M,L21_M_A,"L21_20260405_210000_12_M,1",-0.248538196670062,0.93415498585704,NA
Lundy_M,L21_M_A,"L21_20260405_210000_12_M,2",0.67358679019396,0.688666851857021,NA
Lundy_M,L21_M_A,"L21_20260405_210000_4_M,1",1.22237557421594,0.915897091320333,NA
Lundy_M,L21_M_A,"L21_20260405_210000_4_M,2",0.745378577699191,0.845957926119015,NA
Lundy_M,L21_M_A,"L21_20260405_210000_1_M,1",0.116510654386858,0.757367972491526,NA
Lundy_M,L21_M_A,"L21_20260405_210000_2_M,1",0.755731381711211,0.97928362278685,NA
Lundy_M,L21_M_A,"L21_20260405_210000_3_M,1",1.23859615498879,1.05354101790483,NA
Lundy_M,L21_M_A,"L21_20260405_210000_9_M,1",0.69737957239305,1.05562621210786,NA
Lundy_M,L22_M_A,"L22_20260405_224000_2_MA,1",2.98773452375446,0.235699497604175,NA
Lundy_M,L22_M_A,"L22_20260405_224000_2_MA,2",3.26556509788755,0.183964875422683,NA
Lundy_M,L22_M_A,"L22_20260405_224000_2_MA,3",3.94335178777645,0.161128508985488,NA
Lundy_M,L22_M_A,"L22_20260405_224000_2_MA,4",4.79632677390286,-0.272430609214245,NA
Lundy_M,L22_M_A,"L22_20260405_224000_2_MA,5",4.90039329857305,-0.936903207055344,NA
Lundy_M,L22_M_A,"L22_20260405_224000_2_MA,6",4.0939733054092,-1.99779184507135,NA
Lundy_M,L22_M_A,"L22_20260405_224000_4_MA,1",3.11510965290489,0.206062756701984,NA
Lundy_M,L22_M_A,"L22_20260405_224000_4_MA,2",3.10813026334844,-0.349160616401915,NA
Lundy_M,L22_M_A,"L22_20260405_224000_4_MA,3",2.18892506998397,-0.593170739358812,NA
Lundy_M,L22_M_A,"L22_20260405_224000_4_MA,4",3.96288771855256,-0.89971539071558,NA
Lundy_M,L22_M_A,"L22_20260405_224000_1_MA,1",2.45984482188882,-0.213497915271349,NA
Lundy_M,L22_M_A,"L22_20260405_224000_1_MA,2",1.70053361545613,-0.188098108564456,NA
Lundy_M,L22_M_A,"L22_20260405_224000_1_MA,3",3.34853398735082,-0.0498290219080938,NA
Lundy_M,L22_M_A,"L22_20260405_224000_1_MA,4",4.21354082795096,-1.06764986892702,NA
Lundy_M,L22_M_A,"L22_20260405_224000_6_MA,1",2.57176617738447,-0.0205122293632677,NA
Lundy_M,L22_M_A,"L22_20260405_224000_6_MA,2",2.89936727381988,0.0473263845098136,NA
Lundy_M,L22_M_A,"L22_20260405_224000_6_MA,3",3.31839895900345,0.031768183717817,NA
Lundy_M,L22_M_A,"L22_20260405_224000_6_MA,4",3.48738520694882,-0.940800509637686,NA
Lundy_M,L22_M_A,"L22_20260405_224000_3_MA,1",2.17654900879948,0.0212921941747274,NA
Lundy_M,L22_M_A,"L22_20260405_224000_3_MA,2",2.61550299611534,0.200379669355266,NA
Lundy_M,L22_M_A,"L22_20260405_224000_3_MA,3",3.45483846686934,0.463090330924039,NA
Lundy_M,L22_M_A,"L22_20260405_224000_3_MA,4",3.61310494982635,-0.787093039628625,NA
Lundy_F,L23_F_A,"L23_20260405_212500_4_FA,1",-2.35519217240446,-0.574401632438369,NA
Lundy_F,L23_F_A,"L23_20260405_212500_4_FA,2",-2.26637050868401,-0.312070101795091,NA
Lundy_F,L23_F_A,"L23_20260405_212500_4_FA,3",-2.03099644072014,-0.491747355831295,NA
Lundy_F,L23_F_A,"L23_20260405_212500_4_FA,4",-1.88158460021732,-1.4850673405841,NA
Lundy_F,L23_F_A,"L23_20260405_212500_7_FA,1",-2.17841229289846,-0.505238296128175,NA
Lundy_F,L23_F_A,"L23_20260405_212500_7_FA,2",-1.91086098356193,-1.20742593378451,NA
Lundy_F,L23_F_A,"L23_20260405_212500_6_FA,1",-2.25164514144184,-0.826529275564611,NA
Lundy_F,L23_F_A,"L23_20260405_212500_6_FA,2",-1.92512554587217,-1.49306722269043,NA
Lundy_F,L23_F_A,"L23_20260405_215000_7_FA,1",-2.21217442588088,-0.50987234080423,NA
Lundy_F,L23_F_A,"L23_20260405_215000_7_FA,2",-1.94993870850978,-0.463110155421941,NA
Lundy_F,L23_F_A,"L23_20260405_215000_7_FA,3",-1.46604367622799,-0.508833702867879,NA
Lundy_F,L23_F_A,"L23_20260405_215000_7_FA,4",-0.0843101482783166,-0.607894244587236,NA
Lundy_F,L23_F_A,"L23_20260405_215000_7_FA,5",-1.03945088283744,-1.68335574526338,NA
Lundy_F,L23_F_A,"L23_20260405_215000_5_FA,1",-2.20037149241382,-0.448817871215618,NA
Lundy_F,L23_F_A,"L23_20260405_215000_5_FA,2",-1.94595396347389,-0.298870265770318,NA
Lundy_F,L23_F_A,"L23_20260405_215000_5_FA,3",-1.83157834317924,-0.286872690680777,NA
Lundy_F,L23_F_A,"L23_20260405_215000_5_FA,4",-1.3262583896755,-1.17713914158625,NA
Lundy_F,L23_F_A,"L23_20260405_215000_6_FA,1",-1.87765527646339,-0.502696883786922,NA
Lundy_F,L23_F_A,"L23_20260405_215000_6_FA,2",-1.66931615612336,-0.476484928722088,NA
Lundy_F,L23_F_A,"L23_20260405_215000_6_FA,3",-1.45725793556416,-0.508135235049834,NA
Lundy_F,L23_F_A,"L23_20260405_215000_6_FA,4",-1.18825001676573,-1.41411646250556,NA
Lundy_F,L23_F_A,"L23_20260405_215000_2_FA,1",-2.14418213389622,-1.13463397003182,NA
Lundy_F,L23_F_A,"L23_20260405_215000_2_FA,2",-1.83885166674325,-2.06139023881247,NA
Lundy_M,L23_M_A,"L23_20260404_221500_2_MA,1",-0.764725640895856,0.696253428477986,NA
Lundy_M,L23_M_A,"L23_20260404_221500_2_MA,2",-0.907215031323763,-0.249776900141403,NA
Lundy_M,L23_M_A,"L23_20260404_233000_4_MA,1",-0.89730965440185,0.580010234695653,NA
Lundy_M,L23_M_A,"L23_20260404_233000_4_MA,2",-1.05845534993849,0.406538064908638,NA
Lundy_M,L23_M_A,"L23_20260404_233000_4_MA,3",-1.04707042578987,0.0511491544458823,NA
Lundy_M,L23_M_A,"L23_20260404_233000_5_MA,1",-1.1480281804506,0.323599489278043,NA
Lundy_M,L23_M_A,"L23_20260404_233000_5_MA,2",-0.976775268876201,0.203808707237929,NA
Lundy_M,L23_M_A,"L23_20260404_233000_5_MA,3",-0.720134794733379,0.31070191711975,NA
Lundy_M,L23_M_A,"L23_20260404_233000_5_MA,4",-0.587434935958536,-0.109411412811557,NA
Lundy_M,L23_M_A,"L23_20260404_233000_11_MA,1",-0.323102365032652,0.765378523503764,NA
Lundy_M,L23_M_A,"L23_20260404_233000_11_MA,2",-0.460034199096323,0.105778040386013,NA
Lundy_M,L23_M_A,"L23_20260404_233000_9_MA,1",-0.532185510995452,0.389397691044545,NA
Lundy_M,L23_M_A,"L23_20260404_233000_9_MA,2",-0.579118816507077,-0.322039524948145,NA
Lundy_M,L23_M_A,"L23_20260404_233000_8_MA,1",-0.65352344496088,0.609504925541248,NA
Lundy_M,L23_M_A,"L23_20260404_233000_8_MA,2",-0.382208108078286,-0.0898910657243064,NA
Lundy_M,L23_M_A,"L23_20260404_233000_7_MA,1",-0.390185843063267,0.0859699520127453,NA
Lundy_M,L23_M_A,"L23_20260404_233000_7_MA,2",-0.674343380457178,-0.308629651120036,NA
Lundy_M,L23_M_A,"L23_20260404_233000_10_MA,1",-0.787717231820362,0.288803083031234,NA
Lundy_M,L23_M_A,"L23_20260404_233000_10_MA,2",-0.601620066532779,-0.318877660941152,NA
Lundy_M,L23_M_A,"L23_20260405_031500_3_MA,1",-0.233075926508361,0.762969198809032,NA
Lundy_M,L23_M_A,"L23_20260405_031500_3_MA,2",-0.510728772396324,-0.137858618666089,NA
Lundy_F,L24_F_A,"L24_20260405_221500_6_MF,1",-0.209709723542727,-1.58583561507337,NA
Lundy_F,L24_F_A,"L24_20260405_221500_16_MF,1",-0.0530347078909882,-1.6882993431356,NA
Lundy_F,L24_F_A,"L24_20260405_221500_1_MF,1",-0.261579340711215,-1.38541383326176,NA
Lundy_F,L24_F_A,"L24_20260405_221500_12_MF,1",-0.110024501787331,-1.33531323135236,NA
Lundy_F,L24_F_A,"L24_20260405_221500_14_MF,1",-0.230783517425417,-1.02723821556325,NA
Lundy_F,L24_F_A,"L24_20260405_221500_13_MF,1",0.104236078614227,-0.880244517822098,NA
Lundy_F,L24_F_A,"L24_20260405_233000_11_MF,1",-1.07547007192078,-1.4254225297445,NA
Lundy_F,L24_F_A,"L24_20260405_233000_3_MFB,1",0.102886348913203,-1.39278082014633,NA
Lundy_F,L24_F_A,"L24_20260405_233000_10_FB,1",-1.05823948516575,-0.500352281527961,NA
Lundy_F,L24_F_A,"L24_20260405_233000_10_FB,2",-0.0634419231236184,-0.376360410907791,NA
Lundy_F,L24_F_A,"L24_20260405_233000_10_FB,3",0.0488929133299024,-0.199893178141012,NA
Lundy_F,L24_F_A,"L24_20260405_233000_10_FB,4",-0.317777756061538,0.115164848114403,NA
Lundy_F,L24_F_A,"L24_20260405_233000_10_FB,5",-0.114545280092333,0.182095591027544,NA
Lundy_F,L24_F_A,"L24_20260405_233000_10_FB,6",0.569143111782485,-0.199706435336355,NA
Lundy_F,L24_F_A,"L24_20260405_233000_4_MFB,1",-0.0448041997059282,-1.35649069377418,NA
Lundy_F,L24_F_A,"L24_20260405_233000_9_FB,1",-1.202881249405,-0.899786447011036,NA
Lundy_F,L24_F_A,"L24_20260405_233000_9_FB,2",-0.578983385876633,-0.527738794621616,NA
Lundy_F,L24_F_A,"L24_20260405_233000_9_FB,3",-0.30883076132356,-0.929112499154659,NA
Lundy_F,L24_F_A,"L24_20260405_233000_8_FB,1",-0.387082782555349,-0.51112171126631,NA
Lundy_F,L24_F_A,"L24_20260405_233000_8_FB,2",0.798827102949685,-0.715786582368487,NA
Lundy_M,L24_M_A,"L24_20260405_221500_4_MA,1",-0.970661973317814,2.82729252165385,NA
Lundy_M,L24_M_A,"L24_20260405_221500_4_MA,2",-0.69585383789472,3.07452866107441,NA
Lundy_M,L24_M_A,"L24_20260405_221500_4_MA,3",-0.628020213472483,2.69644249307526,NA
Lundy_M,L24_M_A,"L24_20260405_221500_4_MA,4",-0.593986830059655,1.05498993757813,NA
Lundy_M,L24_M_A,"L24_20260405_221500_16_MF,1",-1.11618851833908,2.59927269397717,NA
Lundy_M,L24_M_A,"L24_20260405_221500_16_MF,2",-0.601482514195737,2.61049816436554,NA
Lundy_M,L24_M_A,"L24_20260405_221500_16_MF,3",-0.46812751009606,1.26337868022901,NA
Lundy_M,L24_M_A,"L24_20260405_221500_11_MF,1",-0.582149876893949,2.76609242526758,NA
Lundy_M,L24_M_A,"L24_20260405_221500_11_MF,2",-0.563240236718168,2.63982421010889,NA
Lundy_M,L24_M_A,"L24_20260405_221500_11_MF,3",-0.311904984674438,1.01619833069041,NA
Lundy_M,L24_M_A,"L24_20260405_221500_6_MF,1",-0.540943342522021,2.799538312887,NA
Lundy_M,L24_M_A,"L24_20260405_221500_6_MF,2",-0.615927758708498,2.70479160778125,NA
Lundy_M,L24_M_A,"L24_20260405_221500_6_MF,3",-0.495316835944789,0.645996452177438,NA
Lundy_M,L24_M_A,"L24_20260405_221500_15_MF,1",-0.772478068388511,2.19975428445469,NA
Lundy_M,L24_M_A,"L24_20260405_221500_15_MF,2",-0.537319885270137,1.00194424067554,NA
Lundy_M,L24_M_A,"L24_20260405_221500_3_MA,1",0.332018393227709,0.218089225492687,NA
Lundy_M,L24_M_A,"L24_20260405_221500_12_MF,1",-0.665783723128427,0.758559345723046,NA
Lundy_M,L24_M_A,"L24_20260405_233000_6_MA,1",-0.148738437898337,1.97195779071423,NA
Lundy_M,L24_M_A,"L24_20260405_233000_6_MA,2",-0.084769401551819,1.88630159986077,NA
Lundy_M,L24_M_A,"L24_20260405_233000_6_MA,3",-0.14461068343041,0.238662233710677,NA
Lundy_M,L24_M_A,"L24_20260405_233000_5_MFB,1",-0.563439930396895,2.58022608618379,NA
Lundy_M,L24_M_A,"L24_20260405_233000_5_MFB,2",-0.378213292802791,1.11570373421006,NA
Lundy_M,L25_M_A,"L25_20260407_221500_5_MA,1",-0.387662910291686,1.49593316516401,NA
Lundy_M,L25_M_A,"L25_20260407_221500_5_MA,2",-0.247136325474243,1.07046462376153,NA
Lundy_M,L25_M_A,"L25_20260405_215000_10_MA,1",-0.744954857370915,0.941541602524235,NA
Lundy_M,L25_M_A,"L25_20260405_215000_10_MA,2",-0.49599377064084,1.58909703807711,NA
Lundy_M,L25_M_A,"L25_20260405_215000_10_MA,3",-0.518388571031404,0.231788349312082,NA
Lundy_M,L25_M_A,"L25_20260405_215000_12_MA,1",-0.613412926558258,1.46839770106379,NA
Lundy_M,L25_M_A,"L25_20260405_215000_12_MA,2",-0.411078763529937,0.708880385354607,NA
Lundy_M,L25_M_A,"L25_20260405_224000_2_MA1,1",3.28490285165692,-1.11392619817767,NA
Lundy_M,L25_M_A,"L25_20260405_224000_6_MA1,1",-0.56000430017967,0.412740336117269,NA
Lundy_M,L25_M_A,"L25_20260405_224000_6_MA1,2",-0.253008131430528,-0.222797795406364,NA
Lundy_M,L25_M_A,"L25_20260405_224000_8_MA1,1",0.252289567180044,1.17198756508088,NA
Lundy_M,L25_M_A,"L25_20260405_224000_8_MA1,2",0.653542270325025,-0.2104208572975,NA
Lundy_M,L25_M_A,"L25_20260405_224000_11_MA,1",-0.79985386302626,1.09779229518922,NA
Lundy_M,L25_M_A,"L25_20260405_224000_11_MA,2",-0.782062237404793,0.321018738167465,NA
Lundy_M,L25_M_A,"L25_20260405_224000_2_MA2,1",2.09694612773803,-1.19390495512909,NA
Lundy_M,L25_M_A,"L25_20260405_224000_5_MA,1",3.21689476283118,0.249956468420551,NA
Lundy_M,L25_M_A,"L25_20260405_224000_5_MA,2",2.70858107528541,-0.779695225029795,NA
Lundy_M,L25_M_A,"L25_20260405_224000_12_MA,1",-0.667246323012307,-0.0182393344546501,NA
Lundy_M,L25_M_A,"L25_20260405_224000_7_MA,1",0.616685579211871,-0.251191780044054,NA
Lundy_M,L25_M_A,"L25_20260405_224000_14_MA,1",-0.64110740489319,0.100017196991439,NA
Lundy_M,L25_M_A,"L25_20260405_224000_4_MA,1",1.00121534318115,-0.395203428399005,NA
Lundy_M,L26_M_A,"L26_20260403_212500_2_MA,1",-0.138541190294328,-0.641748895168002,NA
Lundy_M,L26_M_A,"L26_20260403_212500_2_MA,2",-0.0242747404634391,-1.09055036994336,NA
Lundy_M,L26_M_A,"L26_20260403_212500_7_MA,1",-0.584842944516469,-0.26409131533326,NA
Lundy_M,L26_M_A,"L26_20260403_212500_7_MA,2",-0.701065673043901,-1.04243780302044,NA
Lundy_M,L26_M_A,"L26_20260403_212500_4_MA,1",-0.579008345413048,-1.01745444881119,NA
Lundy_M,L26_M_A,"L26_20260403_212500_3_MA,1",-0.54787922025692,-0.8426975186142,NA
Lundy_M,L26_M_A,"L26_20260403_212500_8_MA,1",-0.335881310486336,-0.081902591075284,NA
Lundy_M,L26_M_A,"L26_20260403_212500_8_MA,2",-0.205391089900008,-0.53165932183777,NA
Lundy_M,L26_M_A,"L26_20260403_212505_1_MA,1",-1.08429683429676,-0.199021463574716,NA
Lundy_M,L26_M_A,"L26_20260403_212505_1_MA,2",-0.526852563005294,-0.278477297491405,NA
Lundy_M,L26_M_A,"L26_20260403_212505_2_MA,1",0.402835490430073,-0.485981135224648,NA
Lundy_M,L26_M_A,"L26_20260403_212505_1_MA,1",-0.602503980932856,-0.139810526834268,NA
Lundy_M,L26_M_A,"L26_20260403_212505_1_MA,2",-0.804216164739599,-1.09375885101427,NA
Lundy_M,L26_M_A,"L26_20260403_212505_4_MA,1",-0.130737928487891,0.0588174036362129,NA
Lundy_M,L26_M_A,"L26_20260403_212505_4_MA,2",0.0384817190374,-0.352997719525586,NA
Lundy_M,L26_M_A,"L26_20260403_212505_4_MA,3",-0.157341749449247,-1.59474493879394,NA
Lundy_M,L26_M_A,"L26_20260403_212505_3_MA,1",0.0496029997075718,-0.422604836764498,NA
Scillies_F,S01_F_A,"S01_20260502_230500_2_F,1",-0.260949557299139,-1.11935654263795,NA
Scillies_F,S01_F_A,"S01_20260502_230500_2_F,2",0.731949219632039,-0.787373128709018,NA
Scillies_F,S01_F_A,"S01_20260502_230500_2_F,3",4.77337902917039,1.17825580155377,NA
Scillies_F,S01_F_A,"S01_20260502_230500_2_F,4",0.384457664337982,-0.834356164571329,NA
Scillies_F,S01_F_A,"S01_20260502_230500_2_F,5",1.34307876630592,-0.886863563455321,NA
Scillies_F,S01_F_A,"S01_20260502_230500_2_F,6",1.77744269734894,-1.10427579550095,NA
Scillies_F,S01_F_A,"S01_20260503_031500_8_F,1",0.557900763447831,0.0407547875476752,NA
Scillies_F,S01_F_A,"S01_20260503_031500_8_F,2",0.942177324631685,0.166599480690867,NA
Scillies_F,S01_F_A,"S01_20260503_031500_8_F,3",1.50920488984142,-0.047056362572382,NA
Scillies_F,S01_F_A,"S01_20260503_031500_8_F,4",1.65219648887063,-0.113323993041498,NA
Scillies_F,S01_F_A,"S01_20260503_031500_8_F,5",1.17843623286362,0.327151906076074,NA
Scillies_F,S01_F_A,"S01_20260503_031500_8_F,6",1.10358969283421,0.134887733399032,NA
Scillies_F,S01_F_A,"S01_20260503_031500_4_F,1",0.733480979234526,-1.50655610050916,NA
Scillies_F,S01_F_A,"S01_20260503_031500_4_F,2",2.99204198719168,-1.14004674578139,NA
Scillies_F,S01_F_A,"S01_20260503_031500_4_F,3",2.90146036773463,-1.71765737463735,NA
Scillies_F,S01_F_A,"S01_20260503_031500_6_F,1",1.05844126811669,-0.455598370694273,NA
Scillies_F,S01_F_A,"S01_20260503_031500_6_F,2",0.860086126310402,-0.370052307015857,NA
Scillies_F,S01_F_A,"S01_20260503_031500_6_F,3",3.24699193701861,-0.734079255915323,NA
Scillies_F,S01_F_A,"S01_20260503_224000_2_F,1",0.0374962384169248,-0.600003755644318,NA
Scillies_F,S01_F_A,"S01_20260503_224000_2_F,2",0.824228406299332,-0.556590688376856,NA
Scillies_F,S01_F_A,"S01_20260503_224000_2_F,3",1.11189530426672,-0.504109359391015,NA
Scillies_F,S01_F_A,"S01_20260503_224000_2_F,4",0.730738293846561,-0.86841279828297,NA
Scillies_M,S01_M_A,"S01_20260502_230500_1_M,1",2.62288191463575,0.212835200217733,NA
Scillies_M,S01_M_A,"S01_20260502_230500_1_M2,1",1.72356543112567,0.920810600755347,NA
Scillies_M,S01_M_A,"S01_20260502_230500_1_M2,2",2.15709613903377,0.749206084501512,NA
Scillies_M,S01_M_A,"S01_20260502_230500_1_M2,3",2.56983727238659,1.04975508850133,NA
Scillies_M,S01_M_A,"S01_20260502_230500_1_M2,4",3.06222840901081,0.524326353036385,NA
Scillies_M,S01_M_A,"S01_20260502_230500_1_M2,5",2.75108100326585,0.595716440554794,NA
Scillies_M,S01_M_A,"S01_20260502_230500_1_M2,6",2.48330891674657,1.16873797651382,NA
Scillies_M,S01_M_A,"S01_20260502_230500_1_M2,7",2.58227763424104,0.340498219443412,NA
Scillies_M,S01_M_A,"S01_20260502_230500_1_M2,8",2.68220853172056,0.827588942474099,NA
Scillies_M,S01_M_A,"S01_20260502_230500_1_M2,9",3.19628521626983,-0.402563630434099,NA
Scillies_M,S01_M_A,"S01_20260502_230500_1_M3,1",1.60266541493391,1.00668738005812,NA
Scillies_M,S01_M_A,"S01_20260502_230500_1_M3,2",4.05020803249503,0.728356725266323,NA
Scillies_M,S01_M_A,"S01_20260502_230500_1_M3,3",3.63420564122918,0.950322803471204,NA
Scillies_M,S01_M_A,"S01_20260502_230500_1_M3,4",2.54620027093699,0.935977789297287,NA
Scillies_M,S01_M_A,"S01_20260502_230500_1_M3,5",1.87640584272511,0.973049703069026,NA
Scillies_M,S01_M_A,"S01_20260502_230500_1_M3,6",1.56876422053244,1.36978701461548,NA
Scillies_M,S01_M_A,"S01_20260502_230500_1_M3,7",1.86629212485048,0.831769483578843,NA
Scillies_M,S01_M_A,"S01_20260502_230500_1_M3,8",2.36201864122664,0.879909681992045,NA
Scillies_M,S01_M_A,"S01_20260502_230500_1_M3,9",2.06721904154229,0.681965598481863,NA
Scillies_M,S01_M_A,"S01_20260502_230500_1_M3,10",2.13523105901131,-0.486451882352732,NA
Scillies_M,S01_M_B,"S01_20260503_224000_3_M,1",3.75683510250517,1.29376227686889,NA
Scillies_M,S01_M_B,"S01_20260503_224000_3_M,2",2.70617236950198,1.45354434444236,NA
Scillies_M,S01_M_B,"S01_20260503_224000_3_M,3",1.35860124742046,0.962247109633439,NA
Scillies_M,S01_M_B,"S01_20260503_224000_3_M,4",1.74425376834115,0.635467931659456,NA
Scillies_M,S01_M_B,"S01_20260503_224000_3_M,5",1.17293376895466,-0.524498756897726,NA
Scillies_M,S01_M_B,"S01_20260503_224000_6_M,1",0.289444221079895,0.387493986818414,NA
Scillies_M,S01_M_B,"S01_20260503_224000_6_M,2",0.139161633775136,0.82164443933654,NA
Scillies_M,S01_M_B,"S01_20260503_224000_6_M,3",0.161242773327712,0.697754257770978,NA
Scillies_M,S01_M_B,"S01_20260503_224000_6_M,4",0.0986531034324194,-0.201603180298295,NA
Scillies_M,S01_M_B,"S01_20260503_224000_4_M,1",1.11221924397717,1.18107963893272,NA
Scillies_M,S01_M_B,"S01_20260503_224000_4_M,2",1.25816200281135,0.553855705310485,NA
Scillies_M,S01_M_B,"S01_20260503_230500_3_M,1",-0.648856936091564,0.399918779971617,NA
Scillies_M,S01_M_B,"S01_20260503_230500_3_M,2",0.165625265780248,0.782883554123464,NA
Scillies_M,S01_M_B,"S01_20260503_230500_3_M,3",0.407051792434261,-0.0512980666026961,NA
Scillies_M,S01_M_B,"S01_20260503_230500_1_M,1",-0.469208836106361,0.453424555678292,NA
Scillies_M,S01_M_B,"S01_20260503_230500_1_M,2",0.0120480328699695,0.459442888754733,NA
Scillies_M,S01_M_B,"S01_20260503_230500_1_M,3",-0.299911097312631,-0.0763715448518203,NA
Scillies_M,S01_M_B,"S01_20260504_230500_1_MB,1",0.383008000608892,0.801859920344032,NA
Scillies_M,S01_M_B,"S01_20260504_230500_1_MB,2",0.502340379250712,0.166470612568617,NA
Scillies_M,S01_M_B,"S01_20260504_230500_2_MB,1",0.412317394127723,0.776956563844256,NA
Scillies_M,S01_M_B,"S01_20260504_230500_2_MB,2",0.684591748767299,0.248092867419847,NA
Scillies_M,S23_M_A,"S23_20260515_230500_2_M,1",-3.05479316870795,3.07670420232682,NA
Scillies_M,S23_M_A,"S23_20260515_230500_2_M,2",-2.75454996970487,1.61728716667039,NA
Scillies_M,S23_M_A,"S23_20260515_230500_2_M,3",-4.17412697022744,-2.66595776882808,NA
Scillies_M,S23_M_A,"S23_20260516_022500_9_M,1",-2.68647964901312,2.35177686746152,NA
Scillies_M,S23_M_A,"S23_20260516_022500_9_M,2",-2.54815782017139,2.45433315225257,NA
Scillies_M,S23_M_A,"S23_20260516_022500_9_M,3",-2.60789520519849,1.5895007606436,NA
Scillies_M,S23_M_A,"S23_20260516_022500_9_M,4",-2.02475251366541,-0.397331359097794,NA
Scillies_M,S23_M_A,"S23_20260516_022500_8_M,1",-2.33259704169553,3.0361013362556,NA
Scillies_M,S23_M_A,"S23_20260516_022500_8_M,2",-2.34735387919381,2.56404031476978,NA
Scillies_M,S23_M_A,"S23_20260516_022500_8_M,3",-1.61798062146624,-0.0827790028899502,NA
Scillies_M,S23_M_A,"S23_20260516_022500_7_M,1",-3.70585450917156,2.40795850861424,NA
Scillies_M,S23_M_A,"S23_20260516_022500_7_M,2",-2.75334101294481,1.86163526315836,NA
Scillies_M,S23_M_A,"S23_20260516_022500_7_M,3",-2.13564201490666,-0.691335635049317,NA
Scillies_M,S23_M_A,"S23_20260516_022500_6_M,1",-2.64348916860193,1.7782859232743,NA
Scillies_M,S23_M_A,"S23_20260516_022500_6_M,2",-1.91013848505138,-0.845694171500311,NA
Scillies_M,S23_M_A,"S23_20260516_034000_4_M,1",-2.07783430521473,2.00620828647041,NA
Scillies_M,S23_M_A,"S23_20260516_034000_4_M,2",-1.87256562407046,1.83123583524576,NA
Scillies_M,S23_M_A,"S23_20260516_034000_4_M,3",-1.83891447438345,-0.253095865848881,NA
Scillies_M,S23_M_A,"S23_20260516_034000_3_M,1",-1.95606758318371,2.20970710851956,NA
Scillies_M,S23_M_A,"S23_20260516_034000_3_M,2",-1.58276670942798,-0.0349029933276056,NA
Scillies_M,S23_M_A,"S23_20260516_034000_5_M,1",-2.32376292666876,1.62058519197969,NA
Scillies_M,S23_M_A,"S23_20260516_034000_5_M,2",-1.53121751722345,-0.645214643400871,NA
Scillies_M,S24_M_A,"S24_20260515_031500_2_M,1",-0.822902535511682,2.12881169515041,NA
Scillies_M,S24_M_A,"S24_20260515_031500_2_M,2",-0.64692097227506,1.97632166106356,NA
Scillies_M,S24_M_A,"S24_20260515_031500_2_M,3",-0.619338429210669,2.04832446369237,NA
Scillies_M,S24_M_A,"S24_20260515_031500_2_M,4",0.484063066906559,1.37155335667837,NA
Scillies_M,S24_M_A,"S24_20260515_031500_1_M,1",-0.973285783823798,1.55428528866443,NA
Scillies_M,S24_M_A,"S24_20260515_031500_1_M,2",-0.923012200029854,1.01245275593978,NA
Scillies_M,S24_M_A,"S24_20260515_031500_3_M,1",-0.9948144262775,1.43838130392155,NA
Scillies_M,S24_M_A,"S24_20260515_031500_3_M,2",-0.869316768599271,1.62320376223851,NA
Scillies_M,S24_M_A,"S24_20260515_031500_3_M,3",-0.318730173064667,0.845720472683748,NA
Scillies_M,S24_M_A,"S24_20260516_004500_1_M,1",2.22868450464818,0.874615461134585,NA
Scillies_M,S24_M_A,"S24_20260516_004500_1_M,2",2.42720530587735,-0.762347229070167,NA
Scillies_M,S24_M_A,"S24_20260516_022500_1_M,1",-1.00768883925347,1.59195105417222,NA
Scillies_M,S24_M_A,"S24_20260516_022500_1_M,2",-0.778186378962045,1.76448605517719,NA
Scillies_M,S24_M_A,"S24_20260516_022500_1_M,3",-0.737178424826817,1.15835702563775,NA
Scillies_M,S24_M_A,"S24_20260517_002000_1_M,1",-0.858716021340402,1.4928605475219,NA
Scillies_M,S24_M_A,"S24_20260517_002000_1_M,2",-0.788239614047766,1.73963959149495,NA
Scillies_M,S24_M_A,"S24_20260517_002000_1_M,3",-0.484835599355374,1.0419357816039,NA
Scillies_M,S24_M_A,"S24_20260517_025000_1_M,1",-0.842372759393901,1.64361978849341,NA
Scillies_M,S24_M_A,"S24_20260517_025000_1_M,2",-0.733892870666807,1.13615215706503,NA
Scillies_M,S24_M_A,"S24_20260518_022500_2_M,1",1.54445976448642,1.68634259466385,NA
Scillies_M,S24_M_A,"S24_20260518_022500_2_M,2",1.60909693530189,2.79703987482009,NA
Scillies_M,S24_M_A,"S24_20260518_022500_2_M,3",1.95947067482716,0.705090086132826,NA
Scillies_F,S26_F_A,"S26_20260516_025000_4_F,1",-0.952149569479935,-1.22706200568016,NA
Scillies_F,S26_F_A,"S26_20260516_013500_3_F,1",-0.24112372145231,0.283403119313648,NA
Scillies_F,S26_F_A,"S26_20260516_013500_3_F,2",-0.051986913105517,-0.257128772875742,NA
Scillies_F,S26_F_A,"S26_20260516_013500_1_F,1",0.443063583299671,-1.42486279599733,NA
Scillies_F,S26_F_A,"S26_20260516_013500_1_F,2",0.734191613675036,-0.962343967632076,NA
Scillies_F,S26_F_A,"S26_20260516_013500_1_F,3",0.220902852184275,-1.17935233202757,NA
Scillies_F,S26_F_A,"S26_20260516_013500_2_F,1",5.69137425720483,-3.86802601383978,NA
Scillies_F,S26_F_A,"S26_20260516_004500_3_F,1",-0.114349006673773,-1.26353037816985,NA
Scillies_F,S26_F_A,"S26_20260516_004500_3_F,2",-0.379781116503743,-1.00292536789719,NA
Scillies_F,S26_F_A,"S26_20260516_004500_3_F,3",-0.73494394478445,-1.7695671053083,NA
Scillies_F,S26_F_A,"S26_20260516_004500_1_F,1",-0.731808178537622,-1.00287458895909,NA
Scillies_F,S26_F_A,"S26_20260516_004500_1_F,2",-0.718307394770798,-1.91952770240988,NA
Scillies_F,S26_F_A,"S26_20260515_233000_1_F,1",0.305238283336322,-0.797739720215397,NA
Scillies_F,S26_F_A,"S26_20260515_233000_1_F,2",0.813534022842896,-0.016880770786802,NA
Scillies_F,S26_F_A,"S26_20260515_233000_1_F,3",0.113241914737411,0.112059415390517,NA
Scillies_F,S26_F_A,"S26_20260515_233000_1_F,4",-0.000576678661727968,0.683453482756593,NA
Scillies_F,S26_F_A,"S26_20260515_233000_1_F,5",-0.130208220839204,0.786178462047842,NA
Scillies_F,S26_F_A,"S26_20260515_233000_1_F,6",-0.736970693271414,-0.800493440243541,NA
Scillies_F,S26_F_A,"S26_20260515_233000_3_F,1",-0.138148722698236,0.337159228111812,NA
Scillies_F,S26_F_A,"S26_20260515_233000_3_F,2",-0.159506238438063,-0.564343091010691,NA
Scillies_M,S26_M_A,"S26_20260516_025000_1_M,1",-1.46170287469082,-0.274740329963993,NA
Scillies_M,S26_M_A,"S26_20260516_025000_1_M,2",-0.660653813092767,0.376788633213916,NA
Scillies_M,S26_M_A,"S26_20260516_025000_1_M,3",-0.233775609207017,0.593188946483629,NA
Scillies_M,S26_M_A,"S26_20260516_025000_1_M,4",-0.986846901679304,-0.889626575863676,NA
Scillies_M,S26_M_A,"S26_20260516_025000_3_M,1",-1.8218985763302,-1.02406503209279,NA
Scillies_M,S26_M_A,"S26_20260516_025000_3_M,2",-0.5399408917655,0.41256497904903,NA
Scillies_M,S26_M_A,"S26_20260516_025000_3_M,3",-0.191888117392704,-0.570636098031297,NA
Scillies_M,S26_M_A,"S26_20260516_025000_6_M,1",-1.93580555680012,-0.228509269571106,NA
Scillies_M,S26_M_A,"S26_20260516_025000_6_M,2",-1.16512929555764,0.651304599956871,NA
Scillies_M,S26_M_A,"S26_20260516_025000_6_M,3",-1.21937004967484,-0.92678485740405,NA
Scillies_M,S26_M_A,"S26_20260515_233000_2_M,1",-1.30427894582196,-0.216202054758524,NA
Scillies_M,S26_M_A,"S26_20260515_233000_2_M,2",-0.287278349340193,-0.364216536580227,NA
Scillies_M,S26_M_A,"S26_20260515_233000_4_M,1",-0.568251730674108,-0.42868813628714,NA
Scillies_M,S26_M_A,"S26_20260515_224000_1_M,1",-2.90768731696717,-1.72212791384995,NA
Scillies_M,S26_M_A,"S26_20260515_224000_1_M,2",-0.381078025909475,-0.943742650760354,NA
Scillies_M,S26_M_A,"S26_20260515_011000_1_M,1",0.251416612116054,-0.214829304260748,NA
Scillies_M,S26_M_A,"S26_20260515_011000_2_M,1",0.048514159861669,-0.233722229724742,NA
Scillies_M,S26_M_A,"S26_20260515_235500_1_M,1",-0.345578635979209,-0.227067309942713,NA
Scillies_M,S26_M_A,"S26_20260515_235500_2_M,1",4.27242450453311,0.726671266163222,NA
Scillies_M,S26_M_A,"S26_20260516_031500_1_M,1",-0.609854397334624,1.29654524867179,NA
Scillies_M,S26_M_A,"S26_20260516_031500_1_M,2",-0.350679291616527,0.167114071813912,NA
Scillies_M,S28_M_A,"S28_20260511_230500_18_M,1",-0.20613102591756,0.392616403545792,NA
Scillies_M,S28_M_A,"S28_20260511_230500_18_M,2",0.705737617563577,0.299842161246028,NA
Scillies_M,S28_M_A,"S28_20260511_230500_18_M,3",-0.249591718746403,-0.499082246391472,NA
Scillies_M,S28_M_A,"S28_20260511_230500_12_M,1",-0.717657614425633,0.66500816434856,NA
Scillies_M,S28_M_A,"S28_20260511_230500_12_M,2",-0.615741812808809,-0.196765285772712,NA
Scillies_M,S28_M_A,"S28_20260511_230500_12_M,3",-0.608233278811926,-0.22150467558453,NA
Scillies_M,S28_M_A,"S28_20260511_230500_16_M,1",-0.179182502578766,-0.000181017625298027,NA
Scillies_M,S28_M_A,"S28_20260511_230500_16_M,2",0.429325437175184,-0.747169613789659,NA
Scillies_M,S28_M_A,"S28_20260511_230500_11_M,1",-0.996310592450296,-0.306782194432541,NA
Scillies_M,S28_M_A,"S28_20260511_230500_11_M,2",-1.11530199707327,-0.430022925056081,NA
Scillies_M,S28_M_A,"S28_20260511_230500_14_M,1",-0.425084684294298,-0.0023984043989631,NA
Scillies_M,S28_M_A,"S28_20260511_230500_14_M,2",-0.462839620003049,0.0181745966251319,NA
Scillies_M,S28_M_A,"S28_20260511_230500_14_M,3",-0.381872962241496,-0.906276281804782,NA
Scillies_M,S28_M_A,"S28_20260511_230500_19_M,1",-0.534932580534176,0.259923685510325,NA
Scillies_M,S28_M_A,"S28_20260511_230500_19_M,2",-0.33542475043205,-0.365096983934376,NA
Scillies_M,S28_M_A,"S28_20260511_230500_15_M,1",0.13973209402677,0.363851533509245,NA
Scillies_M,S28_M_A,"S28_20260511_230500_15_M,2",0.209924236066804,-0.229871691522636,NA
Scillies_M,S28_M_A,"S28_20260511_230500_17_M,1",-0.396264047965617,-0.658296168737429,NA
Scillies_M,S28_M_A,"S28_20260511_230500_17_M,2",-0.400047862085841,-0.319754288903108,NA
Scillies_M,S28_M_A,"S28_20260511_230500_20_M,1",0.450699187161973,-0.405270023439954,NA
Scillies_F,S30_F_A,"S30_20260511_233000_17_F,1",3.31420783247248,-0.306990047031725,NA
Scillies_F,S30_F_A,"S30_20260511_233000_17_F,2",2.06979231085303,-0.212670563430451,NA
Scillies_F,S30_F_A,"S30_20260511_233000_17_F,3",0.961309417238872,-1.06788881861922,NA
Scillies_F,S30_F_A,"S30_20260512_004500_14_F,1",-1.0000434948715,-1.55618919852809,NA
Scillies_F,S30_F_A,"S30_20260512_004500_14_F,2",-0.845374125930227,-1.14188323027921,NA
Scillies_F,S30_F_A,"S30_20260512_004500_14_F,3",-1.08731206951148,-1.40646931196449,NA
Scillies_F,S30_F_A,"S30_20260512_004500_14_F,4",-0.680540317572552,-1.65384743021302,NA
Scillies_F,S30_F_A,"S30_20260512_004500_15_F,1",-0.825609681963501,-1.23538926446847,NA
Scillies_F,S30_F_A,"S30_20260512_004500_15_F,2",-0.0793425301705288,-1.42344640156836,NA
Scillies_F,S30_F_A,"S30_20260512_004500_3_F,1",-1.66839717690499,-1.44246259769999,NA
Scillies_F,S30_F_A,"S30_20260512_004500_3_F,2",-1.6213210362075,-0.857886390118578,NA
Scillies_F,S30_F_A,"S30_20260512_004500_3_F,3",-1.7719407368885,-1.54096379564004,NA
Scillies_F,S30_F_A,"S30_20260512_004500_17_F,1",-1.51400781506287,-1.47236779375633,NA
Scillies_F,S30_F_A,"S30_20260512_004500_17_F,2",-1.42182492091893,-1.52065672852593,NA
Scillies_F,S30_F_A,"S30_20260513_011000_2_MF1,1",-1.68796785126705,-1.45062312882577,NA
Scillies_F,S30_F_A,"S30_20260513_011000_2_MF1,2",-1.42535960418308,-1.34692416529254,NA
Scillies_F,S30_F_A,"S30_20260513_011000_2_MF1,3",-1.77516423513297,-1.54181720180433,NA
Scillies_M,S30_M_A,"S30_20260511_233000_16_M,1",-0.251993844269301,1.22350821328111,NA
Scillies_M,S30_M_A,"S30_20260511_233000_16_M,2",-0.272202037179211,0.886759279965983,NA
Scillies_M,S30_M_A,"S30_20260511_233000_16_M,3",-0.597439562171141,-0.115989357221955,NA
Scillies_M,S30_M_A,"S30_20260511_233000_15_M,1",-0.116185289704238,0.788983921528521,NA
Scillies_M,S30_M_A,"S30_20260511_233000_15_M,2",-0.217378493188427,1.32532309086579,NA
Scillies_M,S30_M_A,"S30_20260511_233000_15_M,3",-0.428049235539637,0.311504860540323,NA
Scillies_M,S30_M_A,"S30_20260511_233000_10_M,1",3.52429119640308,1.97184863685216,NA
Scillies_M,S30_M_A,"S30_20260511_233000_10_M,2",1.62266112565194,-0.205461344727161,NA
Scillies_M,S30_M_A,"S30_20260511_233000_1_M,1",1.58352681423563,-0.677541253037288,NA
Scillies_M,S30_M_A,"S30_20260511_233000_1_M,2",1.42157324834732,-1.36633556941875,NA
Scillies_M,S30_M_A,"S30_20260511_233000_13_M,1",0.62580237532528,1.21961579657374,NA
Scillies_M,S30_M_A,"S30_20260511_233000_13_M,2",0.233869112133982,-0.103050117287956,NA
Scillies_M,S30_M_A,"S30_20260511_233000_14_M,1",0.471725697186227,0.970433566037741,NA
Scillies_M,S30_M_A,"S30_20260511_233000_14_M,2",0.49985338258292,-0.037846554149419,NA
Scillies_M,S30_M_A,"S30_20260512_004500_2_M,1",1.95171654671421,0.265480996500547,NA
Scillies_M,S30_M_A,"S30_20260512_004500_2_M,2",2.55796514313454,-0.401443948426128,NA
Scillies_M,S30_M_A,"S30_20260512_004500_6_M,1",2.5162177569129,-0.672636835098826,NA
Scillies_M,S30_M_A,"S30_20260512_004500_9_M,1",2.1124001610239,0.117050111452381,NA
Scillies_M,S30_M_A,"S30_20260512_004500_9_M,2",0.769518169317193,-0.952114701872751,NA
Scillies_M,S30_M_A,"S30_20260513_011000_2_MF1,1",2.76243831277157,-0.443990564041322,NA
Scillies_M,S30_M_A,"S30_20260513_011000_2_MF2,1",2.50541285013643,-0.686734639802856,NA
Scillies_F,S33_F_A,"S33_20260517_034000_18_F,1",-1.74258729980962,-0.820915033134923,NA
Scillies_F,S33_F_A,"S33_20260517_034000_18_F,2",-1.45990186586327,-1.02077239446302,NA
Scillies_F,S33_F_A,"S33_20260517_034000_10_F,1",-1.4025936148497,-0.97368185007984,NA
Scillies_F,S33_F_A,"S33_20260517_034000_21_F,1",-1.41149883858245,-1.18822935318802,NA
Scillies_F,S33_F_A,"S33_20260517_230500_2_F,1",-1.78763586400021,-0.975971919376364,NA
Scillies_F,S33_F_A,"S33_20260517_230500_2_F,2",-1.16596968448825,-1.03763299707309,NA
Scillies_F,S33_F_A,"S33_20260517_230500_1_F,1",-1.78343788099649,-0.921585554899951,NA
Scillies_F,S33_F_A,"S33_20260517_230500_1_F,2",-1.58706184025103,-0.815807809016029,NA
Scillies_F,S33_F_A,"S33_20260517_230500_1_F,3",-1.81521665138059,-1.52908225052803,NA
Scillies_F,S33_F_A,"S33_20260517_233000_1_F,1",-1.23026592824485,-1.23686894961644,NA
Scillies_F,S33_F_A,"S33_20260517_235500_4_F,1",-1.11412604731644,-0.356729188918436,NA
Scillies_F,S33_F_A,"S33_20260517_235500_4_F,2",-0.980566752917853,-1.14312737625705,NA
Scillies_F,S33_F_A,"S33_20260517_235500_3_F,1",-1.87742657601603,-0.594664328530547,NA
Scillies_F,S33_F_A,"S33_20260517_235500_3_F,2",-1.47663811175441,-0.567673980600442,NA
Scillies_F,S33_F_A,"S33_20260517_235500_3_F,3",-1.45581559316411,-1.1577144577069,NA
Scillies_F,S33_F_A,"S33_20260517_235500_2_F,1",-1.12495996010347,-0.882195138566999,NA
Scillies_F,S33_F_A,"S33_20260517_235500_2_F,2",-0.968268792136439,-1.19911389874245,NA
Scillies_F,S33_F_A,"S33_20260517_235500_1_F,1",-1.26012305155173,-1.15446359785182,NA
Scillies_F,S33_F_A,"S33_20260517_235500_5_F,1",-1.27039662576959,-0.907688945276233,NA
Scillies_F,S33_F_A,"S33_20260517_235500_5_F,2",0.074185697594519,-1.2914927878927,NA
Scillies_M,S33_M_A,"S33_20260512_235500_1_M,1",-0.667496010580074,0.927120324130568,NA
Scillies_M,S33_M_A,"S33_20260512_235500_1_M,2",-0.376301528622534,1.04690153790931,NA
Scillies_M,S33_M_A,"S33_20260512_235500_1_M,3",0.471498001768728,-0.353507118726389,NA
Scillies_M,S33_M_A,"S33_20260512_235500_1_M,1",0.943142548028104,0.402112682413069,NA
Scillies_M,S33_M_A,"S33_20260512_235500_1_M,2",0.646908997355332,-0.838440881771804,NA
Scillies_M,S33_M_A,"S33_20260512_235500_3_M,1",0.929390429543454,-0.53714333119904,NA
Scillies_M,S33_M_A,"S33_20260512_235500_2_M,1",-0.0747717731009009,0.153180824871907,NA
Scillies_M,S33_M_A,"S33_20260512_235500_2_M,2",1.14176716385411,-0.596005166305585,NA
Scillies_M,S33_M_A,"S33_20260516_233000_1_M,1",-0.558858751471406,0.753327197984902,NA
Scillies_M,S33_M_A,"S33_20260516_233000_1_M,2",-0.0977305950908862,-0.574731121466436,NA
Scillies_M,S33_M_A,"S33_20260517_034000_23_M,1",-0.72815617203352,0.626529536744158,NA
Scillies_M,S33_M_A,"S33_20260517_034000_23_M,2",-0.615244720261137,0.405415234739281,NA
Scillies_M,S33_M_A,"S33_20260517_034000_23_M,3",-0.821026067832255,-0.400168805061526,NA
Scillies_M,S33_M_A,"S33_20260517_034000_16_M,1",-0.899127996028744,0.254531886585188,NA
Scillies_M,S33_M_A,"S33_20260517_034000_16_M,2",-0.30942460873046,-0.343062262900348,NA
Scillies_M,S33_M_A,"S33_20260517_034000_4_M,1",-0.23559186703471,-0.476020255177794,NA
Scillies_M,S33_M_A,"S33_20260517_034000_11_M,1",-0.300643107290467,-0.297138613128275,NA
Scillies_M,S33_M_A,"S33_20260517_034000_20_M,1",0.72934548082362,-0.687606456122074,NA
Scillies_M,S33_M_A,"S33_20260517_034000_15_M,1",-0.654085207981731,-0.439017569310946,NA
Scillies_M,S33_M_A,"S33_20260514_233000_1_M,1",-0.308572914200475,0.598516562785288,NA
Scillies_M,S33_M_A,"S33_20260514_233000_1_M,2",-0.509487239810681,-0.332497178797008,NA
Skomer_M,K01_M_A,"K01_20260426_013500_1_M,1",-0.853083475335169,-2.02963282081766,NA
Skomer_M,K01_M_A,"K01_20260426_013500_1_M,2",-0.857616813538312,-1.69209137921619,NA
Skomer_M,K01_M_A,"K01_20260426_013500_1_M,3",-0.744610858152428,0.410517050469316,NA
Skomer_M,K01_M_A,"K01_20260426_013500_2_M,1",-1.07809110352637,-0.565395800351544,NA
Skomer_M,K01_M_A,"K01_20260426_013500_2_M,2",-1.02931909047487,-1.05244197098652,NA
Skomer_M,K01_M_A,"K01_20260426_013500_2_M,3",-0.91841190079389,0.469395069074153,NA
Skomer_M,K01_M_A,"K01_20260426_013500_3_M,1",-1.24365614035243,-1.29928461762905,NA
Skomer_M,K01_M_A,"K01_20260426_013500_3_M,2",-0.928946506253804,-1.80051873433846,NA
Skomer_M,K01_M_A,"K01_20260426_013500_3_M,3",-0.522358051325335,0.117396857463267,NA
Skomer_M,K01_M_A,"K01_20260426_013500_4_M,1",-1.27302741247179,-0.283981160404021,NA
Skomer_M,K01_M_A,"K01_20260426_013500_4_M,2",-1.09635362120131,-1.03676850075731,NA
Skomer_M,K01_M_A,"K01_20260426_013500_4_M,3",-0.996373425931534,-0.707040549932133,NA
Skomer_M,K01_M_A,"K01_20260426_013500_4_M,4",-0.990925950002129,0.471329994558858,NA
Skomer_M,K01_M_A,"K01_20260426_013500_5_M,1",-1.21910495073068,-0.311449216866826,NA
Skomer_M,K01_M_A,"K01_20260426_013500_5_M,2",-1.00778150265857,-0.678269054716319,NA
Skomer_M,K01_M_A,"K01_20260426_013500_5_M,3",-0.985606743857849,-0.756617118519386,NA
Skomer_M,K01_M_A,"K01_20260426_013500_5_M,4",-1.12745085336552,0.674271506086051,NA
Skomer_M,K01_M_A,"K01_20260426_013500_6_M,1",-1.07406203161804,-0.84930627935678,NA
Skomer_M,K01_M_A,"K01_20260426_013500_6_M,2",-1.19721242936499,-0.298412444754036,NA
Skomer_M,K01_M_A,"K01_20260426_013500_6_M,3",-1.11210900960792,-0.720772089612075,NA
Skomer_M,K01_M_A,"K01_20260426_013500_6_M,4",-1.15634030890167,0.304481948167687,NA
Skomer_M,K01_M_A,"K01_20260426_013500_7_M,1",-0.737699217347806,-1.07099637743164,NA
Skomer_M,K01_M_A,"K01_20260426_013500_7_M,2",-0.955523462207554,-1.2306214525502,NA
Skomer_M,K01_M_A,"K01_20260426_013500_7_M,3",-0.611770282974086,0.279366700730111,NA
Skomer_M,K02_M_A,"K02_20260424_221500_1_M,1",-0.774523911201017,-0.878768227786032,NA
Skomer_M,K02_M_A,"K02_20260424_221500_1_M,2",-0.712161103974763,-0.878746955956041,NA
Skomer_M,K02_M_A,"K02_20260424_221500_1_M,3",-0.921327468942132,-0.0461408999586375,NA
Skomer_M,K02_M_A,"K02_20260424_221500_2_M,1",-0.809004634844847,0.321330312638475,NA
Skomer_M,K02_M_A,"K02_20260424_221500_2_M,2",-0.628942381293432,-0.149000054707445,NA
Skomer_M,K02_M_A,"K02_20260424_221500_2_M,3",-0.802041554078274,0.592554081116367,NA
Skomer_M,K02_M_A,"K02_20260424_221500_3_M,1",-0.789519209387117,-0.524766786388123,NA
Skomer_M,K02_M_A,"K02_20260424_221500_3_M,2",-0.797866521045988,-0.00330203290238694,NA
Skomer_M,K02_M_A,"K02_20260424_221500_4_M,1",-1.16284568117391,-0.528874179407583,NA
Skomer_M,K02_M_A,"K02_20260424_221500_4_M,2",-0.983022765586702,-0.78153322611667,NA
Skomer_M,K02_M_A,"K02_20260424_221500_4_M,3",-0.917243822309356,-1.06110824738483,NA
Skomer_M,K02_M_A,"K02_20260424_221500_4_M,4",-0.846493603450936,0.0685948510138282,NA
Skomer_M,K02_M_A,"K02_20260423_230500_1_M,1",-0.568919330214695,-1.25701900288889,NA
Skomer_M,K02_M_A,"K02_20260423_230500_1_M,2",-0.831565143190869,-0.958618637212229,NA
Skomer_M,K02_M_A,"K02_20260423_230500_1_M,3",-0.341154858360674,-0.648447216673513,NA
Skomer_M,K02_M_A,"K02_20260423_230500_2_M,1",-0.505851101919997,-1.13351929262351,NA
Skomer_M,K02_M_A,"K02_20260423_230500_2_M,2",-0.551086262873923,-0.546270426327953,NA
Skomer_M,K02_M_A,"K02_20260424_215000_1_M,1",-0.77604560811214,-0.634530656613697,NA
Skomer_M,K02_M_A,"K02_20260424_215000_1_M,2",-0.768396872362972,-1.16142730246064,NA
Skomer_M,K02_M_A,"K02_20260424_215000_1_M,3",-0.573034923372873,-0.0731168555610581,NA
Skomer_M,K02_M_A,"K02_20260424_221500_5_M,1",-0.959921928643245,-0.826427563114588,NA
Skomer_M,K02_M_A,"K02_20260424_221500_5_M,2",-0.836145750448852,-0.174221187852916,NA
Skomer_F,K04_F_A,"K04_20260427_022500_6_FA,1",0.843534396895914,0.614412961998783,NA
Skomer_F,K04_F_A,"K04_20260427_022500_6_FA,2",4.95921632620354,1.18610367110626,NA
Skomer_F,K04_F_A,"K04_20260427_034000_3_FA,1",2.22596879707858,0.823960462436236,NA
Skomer_F,K04_F_A,"K04_20260427_034000_3_FA,2",1.9967957952928,0.707491697588179,NA
Skomer_F,K04_F_A,"K04_20260427_034000_3_FA,3",2.7733373390391,0.360079175977371,NA
Skomer_F,K04_F_A,"K04_20260427_034000_3_FA,4",3.78456578547534,0.335788084503175,NA
Skomer_F,K04_F_A,"K04_20260427_034000_4_FA,1",1.20528979419561,-0.688312256324442,NA
Skomer_F,K04_F_A,"K04_20260427_034000_4_FA,2",2.19246132459503,-0.509243077322674,NA
Skomer_F,K04_F_A,"K04_20260427_034000_4_FA,3",2.25619308768196,-0.926637830877305,NA
Skomer_F,K04_F_A,"K04_20260427_034000_4_FA,4",5.81774807938433,-6.38322642352051,NA
Skomer_F,K04_F_A,"K04_20260427_034000_4_FA,5",2.66009239361838,-1.59565332342741,NA
Skomer_F,K04_F_A,"K04_20260427_034000_1_FA,1",2.24571547575318,0.719099284096916,NA
Skomer_F,K04_F_A,"K04_20260427_034000_1_FA,2",2.03195596742195,0.297503160905946,NA
Skomer_F,K04_F_A,"K04_20260427_034000_1_FA,3",2.58835743674553,-1.61592702602878,NA
Skomer_F,K04_F_A,"K04_20260427_034000_1_FA,4",2.13381940038265,0.216716041423519,NA
Skomer_M,K04_M_A,"K04_20260427_022500_1_M,1",-1.19251556394862,-1.14211601537765,NA
Skomer_M,K04_M_A,"K04_20260427_022500_1_M,2",-1.18094701248698,-0.764088927015465,NA
Skomer_M,K04_M_A,"K04_20260427_022500_1_M,3",-0.669370329036073,-0.778226770776466,NA
Skomer_M,K04_M_A,"K04_20260427_022500_1_M,4",0.643837504257078,1.50911862947855,NA
Skomer_M,K04_M_A,"K04_20260427_022500_4_M,1",-2.1469981645489,-0.721810533460748,NA
Skomer_M,K04_M_A,"K04_20260427_022500_4_M,2",-2.30962342854001,-1.04012741127227,NA
Skomer_M,K04_M_A,"K04_20260427_022500_4_M,3",-1.73822749211808,1.09004532898537,NA
Skomer_M,K04_M_A,"K04_20260427_022500_5_M,1",-1.13174458072062,-1.47556709184064,NA
Skomer_M,K04_M_A,"K04_20260427_022500_5_M,2",-0.569877263982247,-0.936231879414724,NA
Skomer_M,K04_M_A,"K04_20260427_022500_5_M,3",-0.845700158921807,0.413498415148559,NA
Skomer_M,K04_M_A,"K04_20260427_022500_2_M,1",0.0375011794657295,-0.135147192675845,NA
Skomer_M,K04_M_A,"K04_20260427_022500_2_M,2",-0.224523164995563,-0.0884446087526157,NA
Skomer_M,K04_M_A,"K04_20260427_022500_2_M,3",-0.509524405001761,2.04231962363675,NA
Skomer_M,K04_M_A,"K04_20260427_022500_3_M,1",-2.03448989394739,-0.88431377645254,NA
Skomer_M,K04_M_A,"K04_20260427_022500_3_M,2",-2.22716782526653,-1.03234892684859,NA
Skomer_M,K04_M_A,"K04_20260427_022500_3_M,3",-1.29911880384321,1.90819557984697,NA
Skomer_M,K04_M_A,"K04_20260427_034000_11_M,1",-1.1875574243597,-1.43486219107695,NA
Skomer_M,K04_M_A,"K04_20260427_034000_11_M,2",-0.845951222833544,0.722855087023326,NA
Skomer_M,K04_M_A,"K04_20260427_034000_12_M,1",-2.20289515830516,-0.980418993621838,NA
Skomer_M,K04_M_A,"K04_20260427_034000_12_M,2",-2.27126757958266,-1.18653595687532,NA
Skomer_M,K04_M_A,"K04_20260427_034000_12_M,3",-1.41815266840392,0.664956178657644,NA
Skomer_M,K05_M_A,"K05_20260422_215000_1_M,1",-1.27575493209261,1.30594243427405,NA
Skomer_M,K05_M_A,"K05_20260422_215000_1_M,2",-1.52043793188141,1.02527194725999,NA
Skomer_M,K05_M_A,"K05_20260422_215000_1_M,3",-1.39731760556381,1.47413622929788,NA
Skomer_M,K05_M_A,"K05_20260422_215000_1_M,4",-1.4021195039931,1.28211009927379,NA
Skomer_M,K05_M_A,"K05_20260422_215000_2_M,1",-1.54540529371914,1.34245157831397,NA
Skomer_M,K05_M_A,"K05_20260422_215000_2_M,2",-1.45181086752866,1.42134036852443,NA
Skomer_M,K05_M_A,"K05_20260422_215000_2_M,3",-1.54735101772134,1.4611018120389,NA
Skomer_M,K05_M_A,"K05_20260422_215000_2_M,4",-1.51780694715824,1.41789445135777,NA
Skomer_M,K05_M_A,"K05_20260423_235500_1_M,1",-1.61525764543918,1.24359725220264,NA
Skomer_M,K05_M_A,"K05_20260423_235500_1_M,2",-1.25289135629669,1.14483342232785,NA
Skomer_M,K05_M_A,"K05_20260423_235500_1_M,3",-1.1736083592379,1.17011629249739,NA
Skomer_M,K05_M_A,"K05_20260423_235500_5_M,1",-1.39903211720909,0.728420120594288,NA
Skomer_M,K05_M_A,"K05_20260423_235500_5_M,2",-1.4166913683252,0.962998443628737,NA
Skomer_M,K05_M_A,"K05_20260424_004500_8_M,1",-0.630650102709653,1.64919739420016,NA
Skomer_M,K05_M_A,"K05_20260424_004500_8_M,2",0.522420971512976,1.28650791444854,NA
Skomer_M,K05_M_A,"K05_20260424_004500_6_M,1",-0.414723216246549,1.24405687666186,NA
Skomer_M,K05_M_A,"K05_20260424_004500_7_M,1",-0.256909869884624,0.877180075069595,NA
Skomer_M,K05_M_A,"K05_20260424_043000_1_M,1",-0.321964378652611,0.980863479796279,NA
Skomer_M,K05_M_A,"K05_20260424_043000_1_M,2",-0.0826884984299381,0.70149693037326,NA
Skomer_M,K05_M_A,"K05_20260424_043000_1_M,3",-0.088147057046968,1.09559929946698,NA
Skomer_M,K05_M_A,"K05_20260424_043000_1_M,4",0.196077980568276,0.951480440412257,NA
Skomer_M,K05_M_A,"K05_20260424_043000_2_M,1",-0.868272579220026,1.50766846243199,NA
Skomer_M,K05_M_A,"K05_20260424_043000_2_M,2",-0.0976499842364672,1.233989213139,NA
Skomer_M,K05_M_A,"K05_20260424_043000_2_M,3",-0.426813511753395,0.946776404453675,NA
Skomer_M,K05_M_A,"K05_20260424_043000_2_M,4",-0.488568249775969,0.713549180780059,NA
Skomer_F,K13_F_A,"K13_20260422_215000_12_F,1",1.14717636039583,1.1981488368828,NA
Skomer_F,K13_F_A,"K13_20260422_215000_12_F,2",2.06339589765901,0.857020686270295,NA
Skomer_F,K13_F_A,"K13_20260422_215000_12_F,3",2.15035630466989,0.576690875582466,NA
Skomer_F,K13_F_A,"K13_20260422_215000_12_F,4",2.0101190285126,1.23532506021022,NA
Skomer_F,K13_F_A,"K13_20260422_215000_14_F,1",-0.576909487489828,0.999874873534036,NA
Skomer_F,K13_F_A,"K13_20260422_215000_14_F,2",0.733023447247521,1.15229408374205,NA
Skomer_F,K13_F_A,"K13_20260422_215000_24_F,1",-1.47815783977282,1.39028376258067,NA
Skomer_F,K13_F_A,"K13_20260427_034000_4_FA,1",-0.0219579962383832,0.938911705310775,NA
Skomer_F,K13_F_A,"K13_20260427_034000_4_FA,2",0.469678578453207,0.55956209885247,NA
Skomer_F,K13_F_A,"K13_20260427_034000_4_FA,3",0.87067958222255,0.662952546854273,NA
Skomer_F,K13_F_A,"K13_20260427_034000_4_FA,4",0.902414051263316,0.0936900643437789,NA
Skomer_F,K13_F_A,"K13_20260427_034000_7_FA,1",1.10675661457536,1.73445047319429,NA
Skomer_F,K13_F_A,"K13_20260427_034000_7_FA,2",1.85215632133856,1.06344579491952,NA
Skomer_F,K13_F_A,"K13_20260427_034000_7_FA,3",1.38654743247373,1.3121163640029,NA
Skomer_F,K13_F_A,"K13_20260427_034000_2_FA,1",1.11863150160564,1.12783625488577,NA
Skomer_F,K13_F_A,"K13_20260427_034000_2_FA,2",1.43326300583564,0.941556318683269,NA
Skomer_F,K13_F_A,"K13_20260427_034000_2_FA,3",1.70380982537127,0.768788531326502,NA
Skomer_F,K13_F_A,"K13_20260427_034000_2_FA,4",1.45874491569281,1.00074542640055,NA
Skomer_F,K13_F_A,"K13_20260427_022500_4_FA,1",-0.59212144237362,1.21535550554137,NA
Skomer_F,K13_F_A,"K13_20260427_022500_4_FA,2",-0.258450970484774,1.24454956729283,NA
Skomer_F,K13_F_A,"K13_20260427_022500_4_FA,3",-0.760838723812028,1.43053928076907,NA
Skomer_F,K13_F_B,"K13_20260422_221500_8_F,1",4.32935270918533,0.823344465791406,NA
Skomer_F,K13_F_B,"K13_20260422_221500_8_F,2",4.29988866527665,0.763581895562558,NA
Skomer_F,K13_F_B,"K13_20260422_221500_8_F,3",4.09880865389847,2.37104512229541,NA
Skomer_F,K13_F_B,"K13_20260427_034000_13_FB,1",0.0843480643453617,1.44705841094174,NA
Skomer_F,K13_F_B,"K13_20260427_034000_13_FB,2",0.275992567533644,1.32603887716558,NA
Skomer_F,K13_F_B,"K13_20260427_034000_5_FB,1",4.41273603188375,0.337257199367363,NA
Skomer_F,K13_F_B,"K13_20260427_034000_5_FB,2",4.63416691248202,0.858929937686943,NA
Skomer_F,K13_F_B,"K13_20260427_034000_11_FB,1",6.68258647066624,1.12612326260931,NA
Skomer_F,K13_F_B,"K13_20260427_034000_3_FB,1",5.62620524286842,-0.188925145297834,NA
Skomer_F,K13_F_B,"K13_20260427_034000_3_FB,2",5.81932261562727,-0.532956475701424,NA
Skomer_F,K13_F_B,"K13_20260427_034000_6_FB,1",3.14020433170858,1.45146200867089,NA
Skomer_F,K13_F_B,"K13_20260427_034000_1_FB,1",1.69681476028315,0.619192704231707,NA
Skomer_F,K13_F_B,"K13_20260427_034000_13_FB,1",2.88262341792826,0.45721525251027,NA
Skomer_F,K13_F_B,"K13_20260427_022500_3_FB1,1",-0.226719744196374,0.921719723005717,NA
Skomer_F,K13_F_B,"K13_20260427_022500_3_FB1,2",0.549074906803795,1.06132707442148,NA
Skomer_F,K13_F_B,"K13_20260427_022500_3_FB2,1",1.11543704133539,0.105966999115374,NA
Skomer_F,K13_F_B,"K13_20260427_022500_3_FB2,2",1.66307814738937,-0.0833996034252688,NA
Skomer_F,K13_F_B,"K13_20260427_022500_2_FA,1",0.599435395914091,0.248492490737997,NA
Skomer_F,K13_F_B,"K13_20260427_022500_2_FA,2",1.00805402534786,0.0199488826146468,NA
Skomer_F,K13_F_B,"K13_20260427_022500_2_FA,3",1.16942417065402,0.445035874429698,NA
Skomer_M,K13_M_A,"K13_20260422_212500_5_M,1",-0.708166678862909,-1.20608547900195,NA
Skomer_M,K13_M_A,"K13_20260422_212500_5_M,2",-0.566958217216167,-1.63182531518864,NA
Skomer_M,K13_M_A,"K13_20260422_212500_5_M,3",-0.572316917991671,-1.17779916311885,NA
Skomer_M,K13_M_A,"K13_20260422_212500_5_M,4",-0.491995843960874,-1.07841391439319,NA
Skomer_M,K13_M_A,"K13_20260422_212500_5_M,5",0.828078394131769,-0.884061703457646,NA
Skomer_M,K13_M_A,"K13_20260422_212500_5_M,6",0.820915521283374,-0.772284025951417,NA
Skomer_M,K13_M_A,"K13_20260422_212500_5_M,7",0.44341258144524,0.993670285108945,NA
Skomer_M,K13_M_A,"K13_20260422_212500_3_M,1",-0.656789478245668,-1.29259224010953,NA
Skomer_M,K13_M_A,"K13_20260422_212500_3_M,2",-0.61199606967009,-1.31440453494148,NA
Skomer_M,K13_M_A,"K13_20260422_212500_3_M,3",-0.307574489841481,-1.53414176824565,NA
Skomer_M,K13_M_A,"K13_20260422_212500_3_M,4",1.14437967459252,-0.529741858101561,NA
Skomer_M,K13_M_A,"K13_20260422_212500_6_M,1",-0.906318140335647,-0.752022615973628,NA
Skomer_M,K13_M_A,"K13_20260422_212500_6_M,2",-0.533770547109509,0.363947917040591,NA
Skomer_M,K13_M_A,"K13_20260422_221500_1_M,1",-0.837729429546899,0.961612050824043,NA
Skomer_M,K13_M_A,"K13_20260422_221500_5_M,1",-0.0251624634196375,0.556395365214201,NA
Skomer_M,K13_M_A,"K13_20260422_215000_22_M,1",-0.0159754790776788,0.458674080354411,NA
Skomer_M,K13_M_A,"K13_20260422_215000_15_M,1",0.89867617017341,0.456351890399824,NA
Skomer_M,K13_M_A,"K13_20260422_215000_18_M,1",0.439933948153413,0.304625401175179,NA
Skomer_M,K13_M_A,"K13_20260422_215000_16_M,1",-0.362503019611261,0.637813620485711,NA
Skomer_M,K13_M_A,"K13_20260422_215000_20_M,1",-0.528364605730299,0.798213099200423,NA
Skomer_M,K13_M_C,"K13_20260427_034000_9_MC,1",0.423202798638093,-0.553880952166837,NA
Skomer_M,K13_M_C,"K13_20260427_034000_9_MC,2",0.165243033221407,-1.22545668494791,NA
Skomer_M,K13_M_C,"K13_20260427_034000_9_MC,3",0.639756492170177,-0.924854827092293,NA
Skomer_M,K13_M_C,"K13_20260427_034000_9_MC,4",1.21388803167104,-1.49745065313105,NA
Skomer_M,K13_M_C,"K13_20260427_034000_9_MC,5",1.58429825301703,-1.94332346133238,NA
Skomer_M,K13_M_C,"K13_20260427_034000_9_MC,6",2.46889943286996,-2.79796336778503,NA
Skomer_M,K13_M_C,"K13_20260427_034000_9_MC,7",2.09449829286046,-3.07025649301898,NA
Skomer_M,K13_M_C,"K13_20260427_034000_9_MC,8",1.99292331516578,-1.39018662484928,NA
Skomer_M,K13_M_C,"K13_20260427_034000_10_MC,1",0.488952753875225,-0.894347112732748,NA
Skomer_M,K13_M_C,"K13_20260427_034000_10_MC,2",0.79542554149072,-1.05128761329249,NA
Skomer_M,K13_M_C,"K13_20260427_034000_10_MC,3",0.710196847316192,-1.37262503715158,NA
Skomer_M,K13_M_C,"K13_20260427_034000_10_MC,4",1.36489160135556,0.435660020086156,NA
Skomer_M,K13_M_C,"K13_20260427_034000_12_MC,1",0.39628752950802,-1.07848223061465,NA
Skomer_M,K13_M_C,"K13_20260427_034000_12_MC,2",0.83399873722833,-0.922873174312314,NA
Skomer_M,K13_M_C,"K13_20260427_034000_12_MC,3",0.446621479681565,-1.38327555856134,NA
Skomer_M,K13_M_C,"K13_20260427_034000_12_MC,4",1.42856761794869,-0.553933646573624,NA
Skomer_M,K13_M_C,"K13_20260427_022500_1_MC,1",-0.393930037533583,-0.82672582435374,NA
Skomer_M,K13_M_C,"K13_20260427_022500_1_MC,2",-0.202501702133503,-0.930710574332079,NA
Skomer_M,K13_M_C,"K13_20260427_022500_1_MC,3",-0.157258815825883,-0.87566454762353,NA
Skomer_M,K13_M_C,"K13_20260427_022500_1_MC,4",0.62093778475442,0.19503223442956,NA
Skomer_M,K33_M_A,"K33_20260428_034000_1_M,1",-0.391549146817223,-0.294356860994411,NA
Skomer_M,K33_M_A,"K33_20260428_034000_1_M,2",-0.294452419162303,-0.349290743058806,NA
Skomer_M,K33_M_A,"K33_20260428_034000_1_M,3",-0.463755251910937,-0.11557174479111,NA
Skomer_M,K33_M_A,"K33_20260428_034000_1_M,4",-0.243683954358446,0.302829614131265,NA
Skomer_M,K33_M_A,"K33_20260428_040500_1_M,1",-0.389632341065061,-0.313177375102088,NA
Skomer_M,K33_M_A,"K33_20260428_040500_1_M,2",-0.302113150663774,-0.348872361544012,NA
Skomer_M,K33_M_A,"K33_20260428_040500_1_M,3",-0.460564403356591,-0.266495882242208,NA
Skomer_M,K33_M_A,"K33_20260428_040500_1_M,4",-0.249450410706218,0.29985352671341,NA
Skomer_M,K33_M_A,"K33_20260429_031500_1_M,1",-0.980241162381323,0.242135701568496,NA
Skomer_M,K33_M_A,"K33_20260429_031500_1_M,2",-0.839604147412769,0.531476145550134,NA
Skomer_M,K33_M_A,"K33_20260429_230500_1_M,1",-0.957279890796705,0.00413044231072357,NA
Skomer_M,K33_M_A,"K33_20260429_230500_1_M,2",-1.47075591921434,0.154103897574438,NA
Skomer_M,K33_M_A,"K33_20260429_230500_1_M,3",-1.52694286567996,1.13457366749597,NA
Skomer_M,K33_M_A,"K33_20260429_230500_2_M,1",-0.711131534760534,0.0315788585465584,NA
Skomer_M,K33_M_A,"K33_20260429_230500_2_M,2",-0.692014396306753,-0.0315308502689,NA
Skomer_M,K33_M_A,"K33_20260429_230500_2_M,3",-0.67705249305181,0.694035004822727,NA
Skomer_M,K33_M_A,"K33_20260430_011000_1_M,1",-1.02626350210948,-0.164280692602645,NA
Skomer_M,K33_M_A,"K33_20260430_011000_1_M,2",-0.956789931486719,-0.273839015355825,NA
Skomer_M,K33_M_A,"K33_20260430_011000_1_M,3",-0.899457308573314,0.350926185784248,NA
Skomer_M,K33_M_A,"K33_20260430_011000_2_M,1",-1.09665076571822,-0.083867710700445,NA
Skomer_M,K33_M_A,"K33_20260430_011000_2_M,2",-0.796976180919462,-0.486543598588926,NA
Skomer_M,K33_M_A,"K33_20260430_011000_2_M,3",-0.879917852331646,0.446782354175272,NA
Skomer_M,K52_M_B,"K52_20260505_020000_3_MB,1",0.201777660172422,-0.366367787880751,NA
Skomer_M,K52_M_B,"K52_20260505_020000_3_MB,2",0.816013677635535,-0.673025701794184,NA
Skomer_M,K52_M_B,"K52_20260505_020000_3_MB,3",0.786592856097267,-0.775392181522689,NA
Skomer_M,K52_M_B,"K52_20260505_020000_3_MB,4",1.28802093825732,0.952777214633643,NA
Skomer_M,K52_M_B,"K52_20260505_020000_1_MB,1",0.430287904123557,-0.434220765289295,NA
Skomer_M,K52_M_B,"K52_20260505_020000_1_MB,2",0.431067011432207,-0.482842398474952,NA
Skomer_M,K52_M_B,"K52_20260505_020000_1_MB,3",1.03961836915128,1.17581421096365,NA
Skomer_M,K52_M_B,"K52_20260505_020000_7_MB,1",0.0957361466694698,-0.772898817882318,NA
Skomer_M,K52_M_B,"K52_20260505_020000_7_MB,2",0.436438992744135,0.605565025375413,NA
Skomer_M,K52_M_B,"K52_20260505_013500_5_MB,1",-0.475985776572858,0.741781517082631,NA
Skomer_M,K52_M_B,"K52_20260505_013500_5_MB,2",-0.337337289497771,-0.251467474724968,NA
Skomer_M,K52_M_B,"K52_20260505_013500_5_MB,3",-0.0054673831333375,1.00973969976857,NA
Skomer_M,K52_M_B,"K52_20260505_013500_3_MB,1",0.542536356416393,-0.731025646652492,NA
Skomer_M,K52_M_B,"K52_20260505_013500_3_MB,2",0.535567711963308,0.102115767712887,NA
Skomer_M,K52_M_B,"K52_20260505_013500_6_MB,1",-1.07038740570578,-0.639005542897458,NA
Skomer_M,K52_M_B,"K52_20260505_013500_6_MB,2",-0.851555791335944,0.595341777937817,NA
Skomer_M,K52_M_B,"K52_20260505_013500_2_MB,1",0.145392448279278,-0.751084446758349,NA
Skomer_M,K52_M_B,"K52_20260505_013500_2_MB,2",0.125693737406224,0.626870105293864,NA
Skomer_M,K52_M_B,"K52_20260505_013500_4_MB,1",0.195353151182597,-0.522392554450007,NA
Skomer_M,K52_M_B,"K52_20260505_013500_4_MB,2",1.38866371873729,0.0159310989324055,NA
Skomer_M,K52_M_C,"K52_20260501_221500_5_MC,1",-1.79914903446924,-0.261419987812916,NA
Skomer_M,K52_M_C,"K52_20260501_221500_5_MC,2",-1.66984526124843,-0.288720374093578,NA
Skomer_M,K52_M_C,"K52_20260501_221500_5_MC,3",-1.25276431262079,1.02004183307601,NA
Skomer_M,K52_M_C,"K52_20260501_221500_10_MC,1",-1.71769576734402,-0.472309676878257,NA
Skomer_M,K52_M_C,"K52_20260501_221500_10_MC,2",-1.10579001639934,-0.310490452656581,NA
Skomer_M,K52_M_C,"K52_20260501_221500_10_MC,3",-0.957848779914171,-0.499650898560038,NA
Skomer_M,K52_M_C,"K52_20260501_221500_10_MC,4",-0.54443735031591,0.953650364167471,NA
Skomer_M,K52_M_C,"K52_20260501_221500_7_MC,1",-1.7279568567759,0.0815050752070616,NA
Skomer_M,K52_M_C,"K52_20260501_221500_7_MC,2",-1.32746088614575,-0.272700514256179,NA
Skomer_M,K52_M_C,"K52_20260501_221500_7_MC,3",-0.306335942326249,0.274825562448034,NA
Skomer_M,K52_M_C,"K52_20260501_221500_7_MC,4",-0.532926423197961,1.42804815825933,NA
Skomer_M,K52_M_C,"K52_20260501_221500_4_MC,1",-0.862211714554195,-0.610560447270693,NA
Skomer_M,K52_M_C,"K52_20260501_221500_4_MC,2",-1.08591583323631,-0.689095863736462,NA
Skomer_M,K52_M_C,"K52_20260501_221500_4_MC,3",-0.989675651703794,-0.403882053979316,NA
Skomer_M,K52_M_C,"K52_20260501_221500_4_MC,4",-0.718727772905862,0.940227559753675,NA
Skomer_M,K52_M_C,"K52_20260501_221500_6_MC,1",-1.02711951407079,-0.80329122814454,NA
Skomer_M,K52_M_C,"K52_20260501_221500_6_MC,2",-0.914500222853177,-0.79642221721048,NA
Skomer_M,K52_M_C,"K52_20260501_221500_6_MC,3",-1.17308504741952,1.10984924527262,NA
Skomer_M,K52_M_C,"K52_20260501_221500_8_MC,1",-1.3922728842634,-0.71427923916796,NA
Skomer_M,K52_M_C,"K52_20260501_221500_8_MC,2",-0.873429539582815,0.858616981024682,NA
Rum_M,R01_M_A,"R01_20260614_011000_4_M,1",-0.109558730090815,0.29064606125122,NA
Rum_M,R01_M_A,"R01_20260614_011000_4_M,2",0.230521631604122,-0.395214222218592,NA
Rum_M,R01_M_A,"R01_20260614_011000_4_M,3",-0.1915938704303,-0.523020964798169,NA
Rum_M,R01_M_A,"R01_20260614_011000_4_M,4",-0.313528526478936,-0.619278090292324,NA
Rum_M,R01_M_A,"R01_20260614_011000_4_M,5",-2.15055030730288,-1.57462930061239,NA
Rum_M,R01_M_A,"R01_20260614_011000_1_M,1",-0.511205923150413,-0.0968535306537945,NA
Rum_M,R01_M_A,"R01_20260614_011000_1_M,2",1.45313777676651,-0.670388810379823,NA
Rum_M,R01_M_A,"R01_20260614_011000_1_M,3",0.457546783571091,-0.461532586235706,NA
Rum_M,R01_M_A,"R01_20260614_011000_1_M,4",-0.644853087698306,-0.861401244545976,NA
Rum_M,R01_M_A,"R01_20260614_011000_2_M,1",-0.638516148280399,-1.07833368545148,NA
Rum_M,R01_M_A,"R01_20260614_011000_2_M,2",0.69179817466201,-0.128040614522303,NA
Rum_M,R01_M_A,"R01_20260614_011000_2_M,3",1.10662070256367,-1.1995857788031,NA
Rum_M,R01_M_A,"R01_20260614_011000_2_M,4",-0.532824805586674,-0.915134055828571,NA
Rum_M,R01_M_A,"R01_20260614_011000_3_M,1",-1.45383458333503,-0.237527549877559,NA
Rum_M,R01_M_A,"R01_20260614_011000_3_M,2",-0.0119180660580704,-0.275153517687984,NA
Rum_M,R01_M_A,"R01_20260614_011000_3_M,3",0.591864011010031,-0.635451949779689,NA
Rum_M,R01_M_A,"R01_20260614_011000_3_M,4",-0.576632209351424,-1.02681790248092,NA
Rum_M,R03_M_A,"R03_20260614_002000_3_M,1",-1.19636592669938,0.715953004635331,NA
Rum_M,R03_M_A,"R03_20260614_002000_3_M,2",-0.692378131453259,0.518379187251918,NA
Rum_M,R03_M_A,"R03_20260614_002000_3_M,3",-0.919541283182342,0.123349909555745,NA
Rum_M,R03_M_A,"R03_20260614_002000_1_M,1",0.0154978983578435,0.881278244605294,NA
Rum_M,R03_M_A,"R03_20260614_002000_1_M,2",-1.1829320401473,0.825233480517957,NA
Rum_M,R03_M_A,"R03_20260614_002000_1_M,3",-0.894469609177826,0.307397809674116,NA
Rum_M,R03_M_A,"R03_20260614_002000_2_M,1",-0.956288021714026,-0.198869806679757,NA
Rum_M,R03_M_A,"R03_20260614_002000_2_M,2",-0.604257824520296,-0.20723041712174,NA
Rum_M,R03_M_A,"R03_20260614_002000_2_M,3",-1.3486482060183,-1.41708597907233,NA
Rum_M,R03_M_A,"R03_20260613_023050_1_M,1",-0.204061711520752,0.605160275566368,NA
Rum_M,R03_M_A,"R03_20260613_023050_1_M,2",-0.765331636114762,0.875556806053433,NA
Rum_M,R03_M_A,"R03_20260613_023050_1_M,3",-0.241293217444488,0.0469085325940471,NA
Rum_M,R03_M_A,"R03_20260613_023050_2_M,1",0.00892465807232524,0.892024449375194,NA
Rum_M,R03_M_A,"R03_20260613_023050_2_M,2",-1.03906228078989,0.891276335241517,NA
Rum_M,R03_M_A,"R03_20260613_023050_2_M,3",-0.995365212031272,0.133617694906479,NA
Rum_M,R03_M_A,"R03_20260619_004500_5_M,1",-1.93319636444905,0.306082223733444,NA
Rum_M,R03_M_A,"R03_20260619_004500_5_M,2",-1.57595924205256,0.168153742823169,NA
Rum_M,R03_M_A,"R03_20260619_004500_5_M,3",-1.63333783526885,0.166855720544973,NA
Rum_M,R03_M_A,"R03_20260619_004500_5_M,4",-1.62266556216727,-0.158429590482318,NA
Rum_M,R03_M_A,"R03_20260619_004500_2_M,1",-1.80062056378561,0.812183945932145,NA
Rum_M,R03_M_A,"R03_20260619_004500_2_M,2",-1.63138782439228,0.786397167630813,NA
Rum_M,R03_M_A,"R03_20260619_004500_2_M,3",-1.51781656624828,0.247318635401724,NA
Rum_M,R04_M_A,"R04_20260614_011000_2_M,1",-2.06033939271671,1.80381263832398,NA
Rum_M,R04_M_A,"R04_20260614_011000_2_M,2",-1.78614474646301,1.33943149634349,NA
Rum_M,R04_M_A,"R04_20260614_011000_2_M,3",-1.23467303437873,2.00966929526835,NA
Rum_M,R04_M_A,"R04_20260614_011000_2_M,4",-1.02763767703063,1.77692594698358,NA
Rum_M,R04_M_A,"R04_20260614_011000_2_M,5",-0.984113920016193,0.4632078881065,NA
Rum_M,R04_M_A,"R04_20260614_011000_3_M,1",-1.98822864293633,1.85753408877648,NA
Rum_M,R04_M_A,"R04_20260614_011000_3_M,2",-1.21768192479529,1.88812061412749,NA
Rum_M,R04_M_A,"R04_20260614_011000_3_M,3",-0.838589687456254,2.22035483203648,NA
Rum_M,R04_M_A,"R04_20260614_011000_3_M,4",-0.0721755377670847,1.17036022432311,NA
Rum_M,R04_M_A,"R04_20260614_011000_1_M,1",-1.39971147013743,1.1465798516795,NA
Rum_M,R04_M_A,"R04_20260614_011000_1_M,2",-0.778601263762766,1.67031612663138,NA
Rum_M,R04_M_A,"R04_20260614_011000_1_M,3",-0.410799220734991,1.69379085745187,NA
Rum_M,R04_M_A,"R04_20260614_011000_1_M,4",0.343786984864946,0.766635384897332,NA
Rum_M,R04_M_A,"R04_20260616_011000_1_M,1",-0.962939906143326,2.25863767633141,NA
Rum_M,R04_M_A,"R04_20260616_011000_1_M,2",-0.920613174622892,2.22977668361127,NA
Rum_M,R04_M_A,"R04_20260616_011000_1_M,3",-0.661667974147793,2.29196722563324,NA
Rum_M,R04_M_A,"R04_20260616_011000_1_M,4",0.264865933064771,1.58435947324575,NA
Rum_M,R04_M_A,"R05_20260618_025000_1_M,1",-0.829443050511368,1.40121664916964,NA
Rum_M,R04_M_A,"R05_20260618_025000_1_M,2",-0.909904170168088,1.45955396914218,NA
Rum_M,R04_M_A,"R05_20260618_025000_1_M,3",-0.666021633549231,0.707512027569037,NA
Rum_F,R06_F_A,"R06_20260618_011000_5_F,1",-2.85399220568475,-1.2133662103034,NA
Rum_F,R06_F_A,"R06_20260618_011000_5_F,2",-2.34573538484539,-1.351428585344,NA
Rum_F,R06_F_A,"R06_20260618_011000_5_F,3",-1.67695331081244,-0.0603541023074868,NA
Rum_F,R06_F_A,"R06_20260618_011000_5_F,4",-1.90460858379907,-1.47261764845516,NA
Rum_F,R06_F_A,"R06_20260618_011000_4_F,1",-2.0621091099315,-0.199244352500383,NA
Rum_F,R06_F_A,"R06_20260618_011000_4_F,2",-1.77120701491209,0.478131694438985,NA
Rum_F,R06_F_A,"R06_20260618_011000_4_F,3",-2.06315400944732,-1.05896983894465,NA
Rum_F,R06_F_A,"R06_20260618_011000_2_F,1",-1.68220107725314,-0.427230857492903,NA
Rum_F,R06_F_A,"R06_20260618_011000_2_F,2",-2.34413025594203,-0.845821891736152,NA
Rum_F,R06_F_A,"R06_20260618_011000_2_F,3",-2.37292639742406,-1.91895069142541,NA
Rum_F,R06_F_A,"R06_20260618_011000_1_F,1",-1.47925842468059,0.283790294936439,NA
Rum_F,R06_F_A,"R06_20260618_011000_1_F,2",-2.09017992629685,-0.89257637400321,NA
Rum_F,R06_F_A,"R06_20260619_011000_2_F,1",-1.15716183285513,-0.702050488286994,NA
Rum_F,R06_F_A,"R06_20260619_011000_2_F,2",-1.24632164098851,-0.733167415392821,NA
Rum_F,R06_F_A,"R06_20260619_011000_2_F,3",-1.63425092796904,-1.3972555979594,NA
Rum_F,R06_F_A,"R06_20260619_011000_2_F,4",-1.22120004324499,-1.4332399061625,NA
Rum_F,R06_F_A,"R06_20260619_034000_1_F,1",-1.86314486967691,-1.36124267308112,NA
Rum_F,R06_F_A,"R06_20260619_034000_1_F,2",-1.83003723228702,-1.50881847445617,NA
Rum_F,R06_F_A,"R06_20260619_034000_1_F,3",-0.600904857486291,-2.25586055848492,NA
Rum_F,R06_F_A,"R06_20260619_034000_2_F,1",-0.760357857075231,-1.35531491521666,NA
Rum_F,R06_F_A,"R06_20260619_034000_2_F,2",-1.21056829602967,-2.03341139088325,NA
Rum_M,R06_M_A,"R06_20260616_221500_1_M,1",0.375574052388879,0.875737201534742,NA
Rum_M,R06_M_A,"R06_20260616_221500_1_M,2",1.72668156811873,0.944837438251517,NA
Rum_M,R06_M_A,"R06_20260616_221500_1_M,3",0.769065285096185,-0.111165638352146,NA
Rum_M,R06_M_A,"R06_20260617_002000_1_M,1",-0.263978532741372,2.03200724897953,NA
Rum_M,R06_M_A,"R06_20260617_002000_1_M,2",1.04407989417702,2.14611367245849,NA
Rum_M,R06_M_A,"R06_20260617_002000_1_M,3",1.22365489177105,1.33307582374809,NA
Rum_M,R06_M_A,"R06_20260617_002000_1_M,4",1.41710243896785,1.64947468146129,NA
Rum_M,R06_M_A,"R06_20260617_002000_1_M,5",0.443801703556,0.201267709398427,NA
Rum_M,R06_M_A,"R06_20260617_002000_2_M,1",-1.28469657813796,1.74792232468368,NA
Rum_M,R06_M_A,"R06_20260617_002000_2_M,2",-1.04850631966248,1.98031865155153,NA
Rum_M,R06_M_A,"R06_20260617_002000_2_M,3",-1.29699921139856,1.54209068279085,NA
Rum_M,R06_M_A,"R06_20260617_002000_2_M,4",-1.43684696255257,-0.714966830477867,NA
Rum_M,R06_M_A,"R06_20260617_002000_3_M,1",-0.888256290729594,0.725985180971617,NA
Rum_M,R06_M_A,"R06_20260617_002000_3_M,2",-0.957639402589672,1.27659399728834,NA
Rum_M,R06_M_A,"R06_20260617_002000_3_M,3",-0.895318807057857,0.743339467958077,NA
Rum_M,R06_M_A,"R06_20260617_002000_3_M,4",-2.12121648071163,-1.05493280040586,NA
Rum_M,R06_M_A,"R06_20260619_011000_6_M,1",-1.25659636063639,1.84474909326359,NA
Rum_M,R06_M_A,"R06_20260619_011000_6_M,2",-1.1536908730017,2.15477215384888,NA
Rum_M,R06_M_A,"R06_20260619_011000_6_M,3",-1.18886179824296,1.29470277694015,NA
Rum_M,R06_M_A,"R06_20260619_011000_3_M,1",-0.50060525979303,-0.108028564168812,NA
Rum_M,R07_M_A,"R07_20260616_020000_1_M,1",-0.736989321912827,1.25855600570826,NA
Rum_M,R07_M_A,"R07_20260616_020000_1_M,2",0.304877738246629,0.480209996869549,NA
Rum_M,R07_M_A,"R07_20260616_020000_3_M,1",-1.14532592332682,1.65863911112642,NA
Rum_M,R07_M_A,"R07_20260616_020000_3_M,2",-0.460011860491732,0.923921687953571,NA
Rum_M,R07_M_A,"R07_20260616_020000_2_M,1",-1.17931851521937,1.71944147688606,NA
Rum_M,R07_M_A,"R07_20260616_020000_2_M,2",-0.617089347712432,0.748351244279238,NA
Rum_M,R07_M_A,"R07_20260617_011000_1_M,1",-0.613315396660099,1.7073169769934,NA
Rum_M,R07_M_A,"R07_20260617_011000_1_M,2",-0.180325210995585,1.89610521367308,NA
Rum_M,R07_M_A,"R07_20260617_011000_1_M,3",0.0626810729225326,0.705311846348027,NA
Rum_M,R07_M_A,"R07_20260617_011000_4_M,1",-0.529252021296791,1.50862011659386,NA
Rum_M,R07_M_A,"R07_20260617_011000_4_M,2",-0.249755597403914,1.3334835585217,NA
Rum_M,R07_M_A,"R07_20260617_011000_4_M,3",0.943997777158728,0.169192407396379,NA
Rum_M,R07_M_A,"R07_20260617_011000_2_M,1",-1.1178839543135,1.35963450536925,NA
Rum_M,R07_M_A,"R07_20260617_011000_2_M,2",-0.513831195268503,0.557025405045177,NA
Rum_M,R07_M_A,"R07_20260617_230500_1_M,1",-0.586166659083488,1.05005579875594,NA
Rum_M,R07_M_A,"R07_20260617_230500_1_M,2",0.531865756393056,0.0803097092406237,NA
Rum_F,R08_F_A,"R08_20260613_004500_1_F,1",-0.85822512467181,-0.861697933169375,NA
Rum_F,R08_F_A,"R08_20260613_004500_2_F,1",-0.354985856473931,-1.21950654761587,NA
Rum_F,R08_F_A,"R08_20260613_004500_3_F,1",-0.744056404175501,-0.617948616409956,NA
Rum_F,R08_F_A,"R08_20260614_013500_12_F,1",1.14343695133276,-0.0522522646034021,NA
Rum_F,R08_F_A,"R08_20260614_013500_9_F,1",-0.0141731246568489,-0.779050380845053,NA
Rum_F,R08_F_A,"R08_20260614_013500_14_F,1",1.48023971833989,0.106299979552866,NA
Rum_F,R08_F_A,"R08_20260614_013500_3_F,1",0.917613715301685,-1.23823209738992,NA
Rum_F,R08_F_A,"R08_20260614_013500_11_F,1",0.0946354505353953,-0.296821394859264,NA
Rum_F,R08_F_A,"R08_20260614_013500_10_F,1",-0.202791174970134,-0.575790554908013,NA
Rum_F,R08_F_A,"R08_20260614_013500_3_F,1",0.901659753125016,-1.24547670254852,NA
Rum_F,R08_F_A,"R08_20260614_013500_16_F,1",1.19083951225768,-0.0796706152388604,NA
Rum_F,R08_F_A,"R08_20260614_013500_13_F,1",0.121750306346002,-0.172625889718971,NA
Rum_F,R08_F_A,"R08_20260614_013500_15_F,1",0.035976296460572,-0.276528907683697,NA
Rum_F,R08_F_A,"R08_20260614_031500_1_F,1",-0.324489495325056,-0.299778773231469,NA
Rum_F,R08_F_A,"R08_20260616_004500_4_F,1",-0.652705248909094,-1.70895283267399,NA
Rum_F,R08_F_A,"R08_20260616_020000_6_F,1",0.0374882696883799,-1.01287666249088,NA
Rum_F,R08_F_A,"R08_20260614_004500_1_F,1",-1.36306354647958,-0.752999328999402,NA
Rum_F,R08_F_A,"R08_20260614_004500_3_F,1",-1.27423308665162,-1.1587432895121,NA
Rum_F,R08_F_A,"R08_20260614_011000_1_F,1",-1.17884340426574,-0.944907821989156,NA
Rum_F,R08_F_A,"R08_20260614_011000_2_F,1",-1.44800223515972,-0.743127411893004,NA
Rum_F,R10_F_A,"R10_20260614_020000_5_F,1",-1.7212376054136,-2.25426456033685,NA
Rum_F,R10_F_A,"R10_20260614_020000_3_F,1",-0.471796386015117,-1.55736642938268,NA
Rum_F,R10_F_A,"R10_20260617_013500_2_F,1",-0.00184133352016431,-0.733006545142427,NA
Rum_F,R10_F_A,"R10_20260617_013500_2_F,2",1.49811870603362,-0.36625817565637,NA
Rum_F,R10_F_A,"R10_20260617_013500_2_F,3",1.94292772165598,-0.439202788377818,NA
Rum_F,R10_F_A,"R10_20260617_013500_2_F,4",1.4883722769375,-0.906548364381285,NA
Rum_F,R10_F_A,"R10_20260617_013500_3_F,1",0.569616529475832,-1.10411982590374,NA
Rum_F,R10_F_A,"R10_20260617_013500_3_F,2",2.29983132102676,-0.73085252642105,NA
Rum_F,R10_F_A,"R10_20260617_013500_3_F,3",1.4857325743615,-0.536710809864542,NA
Rum_F,R10_F_A,"R10_20260617_013500_3_F,4",-0.591507206856456,-1.03535782227599,NA
Rum_F,R10_F_A,"R10_20260617_013500_1,1",2.10108187739256,-0.362039762513044,NA
Rum_F,R10_F_A,"R10_20260617_013500_1,2",2.19611657916623,-0.185248326219955,NA
Rum_F,R10_F_A,"R10_20260617_013500_1,3",1.12005534727888,-0.420350962969234,NA
Rum_F,R10_F_A,"R10_20260619_020000_1_F,1",-1.64630711676285,-0.986938953412073,NA
Rum_F,R10_F_A,"R10_20260619_020000_1_F,2",1.62315695041029,-1.64466119922931,NA
Rum_F,R10_F_A,"R10_20260619_020000_1_F,3",2.04105039553613,-1.54107532703693,NA
Rum_F,R10_F_A,"R10_20260619_020000_1_F,4",0.665144418158022,-1.35074698282752,NA
Rum_F,R10_F_A,"R10_20260619_020000_1_F,5",-0.584383815784589,-1.5229678538746,NA
Rum_F,R10_F_A,"R10_20260619_020000_2_F,1",1.04371499147927,-1.07169309828008,NA
Rum_F,R10_F_A,"R10_20260619_020000_2_F,2",0.191360289262021,-1.19108999346541,NA
Rum_F,R10_F_A,"R10_20260619_020000_2_F,3",0.186759632637555,-1.8674329476324,NA
Rum_M,R10_M_A,"R10_20260614_004500_2_M,1",2.23011820543907,-1.52614410665382,NA
Rum_M,R10_M_A,"R10_20260614_004500_2_M,2",2.85231940965923,-1.39079191389679,NA
Rum_M,R10_M_A,"R10_20260614_004500_2_M,3",1.6231625128497,-1.29859024126622,NA
Rum_M,R10_M_A,"R10_20260614_004500_4_M,1",1.90293630571315,-1.33541243862566,NA
Rum_M,R10_M_A,"R10_20260614_004500_3_M,1",0.289454050033775,-0.834031839544029,NA
Rum_M,R10_M_A,"R10_20260614_004500_3_M,2",1.55464882043679,-1.48877211951051,NA
Rum_M,R10_M_A,"R10_20260614_004500_1_M,1",1.29604619231903,-1.00002144682089,NA
Rum_M,R10_M_A,"R10_20260614_004500_1_M,2",0.808508610559043,-0.774203803202351,NA
Rum_M,R10_M_A,"R10_20260614_020000_1_M,1",1.30282220606594,-0.690023693665953,NA
Rum_M,R10_M_A,"R10_20260614_020000_1_M,2",0.594852505507053,-0.198874832198581,NA
Rum_M,R10_M_A,"R10_20260614_020000_1_M,3",-0.247643163782348,-0.0610593071593624,NA
Rum_M,R10_M_A,"R10_20260614_020000_7_M,1",-0.547813452898737,-0.440769690590632,NA
Rum_M,R10_M_A,"R10_20260614_020000_7_M,2",0.762424819920373,-0.849650572091858,NA
Rum_M,R10_M_A,"R10_20260614_020000_6_M,1",0.0355619715939715,-0.371989613779565,NA
Rum_M,R10_M_A,"R10_20260614_020000_2_M,1",-0.0984136069556606,-0.439682514884415,NA
Rum_M,R10_M_A,"R10_20260614_020000_8_M,1",0.278298301263558,-0.670634080376932,NA
Rum_M,R10_M_A,"R10_20260614_020000_4_M,1",1.40390536497312,-1.2950116154706,NA
Rum_M,R10_M_A,"R10_20260614_020000_9_M,1",1.07027498187059,-0.791808221210825,NA
Rum_M,R10_M_A,"R10_20260614_020000_11_M,1",0.0548163023379653,-1.31505216907474,NA
Rum_M,R10_M_A,"R10_20260614_020000_10_M,1",1.61091801331441,-1.03968413252273,NA
Rum_F,R27_F_A,"R27_20260618_011000_2_F,1",-0.740979544580435,-0.515456465482584,NA
Rum_F,R27_F_A,"R27_20260618_011000_2_F,2",0.499487406907581,-0.788580766011089,NA
Rum_F,R27_F_A,"R27_20260618_011000_2_F,3",1.15755532109717,-0.602402909765223,NA
Rum_F,R27_F_A,"R27_20260618_011000_2_F,4",0.988556529350818,0.146969537860494,NA
Rum_F,R27_F_A,"R27_20260618_011000_2_F,5",0.153598884986989,-1.09233309879315,NA
Rum_F,R27_F_A,"R27_20260618_011000_1_F,1",-1.36167835201777,-0.510364804031102,NA
Rum_F,R27_F_A,"R27_20260618_011000_1_F,2",-1.11105342545755,-0.798677692921554,NA
Rum_F,R27_F_A,"R27_20260619_013500_3_F,1",-1.88574104686291,-0.723102141363526,NA
Rum_F,R27_F_A,"R27_20260619_013500_3_F,2",-1.29055877693904,-0.327433611762884,NA
Rum_F,R27_F_A,"R27_20260619_013500_3_F,3",-1.40718208104766,-0.47402013014144,NA
Rum_F,R27_F_A,"R27_20260619_013500_3_F,4",-1.18266674756872,-0.393095266703669,NA
Rum_F,R27_F_A,"R27_20260619_013500_3_F,5",-0.883288920586945,-0.504577378812811,NA
Rum_F,R27_F_A,"R27_20260619_013500_3_F,6",-1.20339982805203,-1.91266671383807,NA
Rum_F,R27_F_A,"R27_20260619_013500_6_F,1",-0.713120265569209,-0.434298542057093,NA
Rum_F,R27_F_A,"R27_20260619_013500_6_F,2",-0.733042023047084,-0.207063528371103,NA
Rum_F,R27_F_A,"R27_20260619_013500_6_F,3",-0.574876149151052,-0.420793700904497,NA
Rum_F,R27_F_A,"R27_20260619_013500_6_F,4",1.746347578988,3.1617784378643,NA
Rum_F,R27_F_A,"R27_20260619_013500_6_F,5",1.36963474607527,-0.186667785494469,NA
Rum_F,R27_F_A,"R27_20260619_013500_6_F,6",1.03989633003422,-0.955814662861954,NA
Rum_F,R27_F_A,"R27_20260619_013500_7_F,1",0.124128248078185,-0.370012671659402,NA
Rum_F,R27_F_A,"R27_20260619_013500_7_F,2",0.701325209588705,-0.423359408916395,NA
Rum_F,R27_F_A,"R27_20260619_013500_7_F,3",0.383262117239839,-1.01457104172156,NA
Rum_F,R28_F_A,"R28_20260616_004500_4_F,1",-0.67335760258449,-0.117126887710955,NA
Rum_F,R28_F_A,"R28_20260616_004500_4_F,2",-0.0734845140914445,-0.536279246043286,NA
Rum_F,R28_F_A,"R28_20260616_004500_18_F,1",-0.854170469193705,-0.548317603878701,NA
Rum_F,R28_F_A,"R28_20260616_004500_18_F,2",-0.425525007046601,-0.390901725940183,NA
Rum_F,R28_F_A,"R28_20260616_004500_11_F,1",1.18986439095348,0.287352838685355,NA
Rum_F,R28_F_A,"R28_20260616_004500_11_F,2",-0.0277103622815525,-0.50192110897895,NA
Rum_F,R28_F_A,"R28_20260616_004500_4_F,1",0.00403739913359923,-0.518046502057992,NA
Rum_F,R28_F_A,"R28_20260616_004500_16_F,1",0.803209885021601,-1.84389073774275,NA
Rum_F,R28_F_A,"R28_20260619_002000_1_F,1",3.53078104626513,4.23421532204782,NA
Rum_F,R28_F_A,"R28_20260619_002000_1_F,2",1.06201815594539,0.689761396430038,NA
Rum_F,R28_F_A,"R28_20260619_002000_1_F,3",2.42323755979318,0.572518893103496,NA
Rum_F,R28_F_A,"R28_20260619_013500_2_F,1",0.626332222855318,0.857437534398015,NA
Rum_F,R28_F_A,"R28_20260619_013500_2_F,2",1.45803339828664,0.521671374879103,NA
Rum_F,R28_F_A,"R28_20260619_013500_2_F,3",1.34010362391684,0.901798826858273,NA
Rum_F,R28_F_A,"R28_20260619_013500_2_F,4",0.890125211520609,0.61691650017136,NA
Rum_F,R28_F_A,"R28_20260619_013500_3_F,1",0.255910130124354,0.976751612049044,NA
Rum_F,R28_F_A,"R28_20260619_013500_3_F,2",0.726089420391625,0.930516623664769,NA
Rum_F,R28_F_A,"R28_20260619_013500_3_F,3",0.242403010067157,1.14838732165775,NA
Rum_F,R28_F_A,"R28_20260619_013500_3_F,4",1.09690597954198,1.15618679180358,NA
Rum_F,R28_F_A,"R28_20260619_013500_1_F,1",-0.62095788594404,1.14773209358731,NA
Rum_F,R28_F_A,"R28_20260619_013500_1_F,2",-0.321126457178804,1.1474144316348,NA
Rum_F,R28_F_A,"R28_20260619_013500_1_F,3",1.18008208848608,1.0465020210353,NA
Rum_F,R28_F_A,"R28_20260619_013500_1_F,4",0.541287796941001,0.415625248838374,NA
Rum_M,R28_M_A,"R28_20260616_004500_23_M,1",2.13393780284454,-0.0982019346769621,NA
Rum_M,R28_M_A,"R28_20260616_004500_23_M,2",3.25338377385746,-0.561850676939837,NA
Rum_M,R28_M_A,"R28_20260616_004500_23_M,3",4.42757813813727,-0.734348357273436,NA
Rum_M,R28_M_A,"R28_20260616_004500_23_M,4",3.90179820924998,-1.04667937187924,NA
Rum_M,R28_M_A,"R28_20260616_004500_3_M,1",1.01985395113797,0.812064894630286,NA
Rum_M,R28_M_A,"R28_20260616_004500_3_M,2",1.94392746077133,0.62927592409724,NA
Rum_M,R28_M_A,"R28_20260616_004500_3_M,3",2.06067061309493,0.00578196991387372,NA
Rum_M,R28_M_A,"R28_20260616_004500_10_M,1",0.448887343628773,1.4082488171715,NA
Rum_M,R28_M_A,"R28_20260616_004500_10_M,2",0.681938314410492,0.84137455496785,NA
Rum_M,R28_M_A,"R28_20260616_004500_10_M,3",0.777848831969611,4.20621444756053,NA
Rum_M,R28_M_A,"R28_20260616_004500_21_M,1",-0.119239819524078,0.825194223261803,NA
Rum_M,R28_M_A,"R28_20260616_004500_21_M,2",0.155660311315298,0.499933065658778,NA
Rum_M,R28_M_A,"R28_20260616_004500_15_M,1",0.0590952207319852,1.27038895068445,NA
Rum_M,R28_M_A,"R28_20260616_004500_15_M,2",-0.0722953891306348,0.531153310634883,NA
Rum_M,R28_M_A,"R28_20260616_004500_5_M,1",0.419593375384848,1.09245086511944,NA
Rum_M,R28_M_A,"R28_20260616_004500_5_M,2",1.28794347312575,-0.121240179691872,NA
Rum_M,R28_M_A,"R28_20260616_013500_3_M,1",3.27805667246594,-1.1446202400163,NA
Rum_M,R28_M_A,"R28_20260616_013500_3_M,2",4.60049650753816,-1.4868079074386,NA
Rum_M,R28_M_A,"R28_20260616_013500_3_M,3",4.69951447888591,-1.65408955562292,NA
Rum_M,R28_M_A,"R28_20260616_013500_3_M,4",7.82089616284459,3.17134836714095,NA